Symbol,Date,Open,High,Low,Close,Percent Change,Volume
LBBL,29-12-21,445.7,445.7,427,430.2,-1.56,37355
LBBL,28-12-21,438,448,422,437,1.65,55587
LBBL,27-12-21,461,461,427,429.9,-5.1,86428
LBBL,26-12-21,456,465,446,453,0.44,79223
LBBL,23-12-21,466.1,468,441.1,451,-1.31,74536
LBBL,22-12-21,438.6,458.8,430,457,6.28,75390
LBBL,21-12-21,425,435,415,430,2.38,47486
LBBL,20-12-21,434.5,439,414,420,-1.41,30313
LBBL,16-12-21,439.1,448,424,426,-4.91,47636
LBBL,15-12-21,460,468,435,448,-0.67,161402
LBBL,14-12-21,421,451,416.5,451,9.2,40225
LBBL,13-12-21,422,442,406,413,-3.88,138847
LBBL,12-12-21,519,529,485,485.5,-7.35,131123
LBBL,09-12-21,533,533,510,524,0,103959
LBBL,08-12-21,549,550,520,524,-3.68,65507
LBBL,07-12-21,574,586,542,544,-3.53,85318
LBBL,06-12-21,553,565,524,563.9,3.66,144255
LBBL,05-12-21,573.2,573.2,539,544,-3.2,78949
LBBL,02-12-21,594.6,594.6,561.1,562,-3.6,63512
LBBL,01-12-21,600,600,581.2,583,-1.19,61732
LBBL,30-11-21,596,607.9,575,590,0.85,71441
LBBL,29-11-21,590,607,577.1,585,0.69,106292
LBBL,28-11-21,616,616,580,581,-5.22,137134
LBBL,25-11-21,630,634,611,613,-1.78,112947
LBBL,24-11-21,618,642,610,624.1,-0.94,87388
LBBL,23-11-21,636,648.7,620.4,630,-2.02,119489
LBBL,22-11-21,660,662.8,640,643,-1.06,105944
LBBL,21-11-21,644,665,636.1,649.9,0.92,133688
LBBL,18-11-21,660,673,640,644,-1.98,144585
LBBL,17-11-21,675,697,657,657,-1.94,292680
LBBL,16-11-21,673,676.2,656,670,1.52,272892
LBBL,15-11-21,613.6,671.9,613.6,660,5.41,361029
LBBL,14-11-21,596,639,596,626.1,5.05,259886
LBBL,11-11-21,620,620,588,596,-3.72,133825
LBBL,09-11-21,640,651,606,619,-4.61,272538
LBBL,08-11-21,641,665,640,648.9,1.17,191841
LBBL,03-11-21,652,678,639,641.4,-1.63,159447
LBBL,02-11-21,610,663,593,652,7.24,323163
LBBL,01-11-21,591.3,630,581.3,608,4.86,260089
LBBL,31-10-21,537,579.8,537,579.8,10,228580
LBBL,28-10-21,530.9,539,515,527.1,-0.53,94252
LBBL,27-10-21,531.4,550,520,529.9,-1.87,91695
LBBL,26-10-21,515,550,505,540,3.65,199071
LBBL,25-10-21,485.5,522.6,485.5,521,9.22,95074
LBBL,24-10-21,465,485,461,477,1.71,44209
LBBL,21-10-21,490,490,469,469,-2.7,26979
LBBL,20-10-21,471.2,499,471.2,482,4.33,42988
LBBL,19-10-21,490,490,460,462,-6.48,66330
LBBL,18-10-21,507,512.9,491,494,-4.45,53385
LBBL,17-10-21,519,519,505,517,1.37,12901
LBBL,11-10-21,516,516,499,510,-0.97,43711
LBBL,10-10-21,535,549,511,515,-4.1,62450
LBBL,06-10-21,524.5,539,506,537,4.27,50038
LBBL,05-10-21,503,516,500,515,4.25,46286
LBBL,04-10-21,514,519,491,494,-3.89,79026
LBBL,03-10-21,528,533,510,514,-3.2,72603
LBBL,30-09-21,554.9,560,530,531,-4.31,64307
LBBL,29-09-21,541,555,520,554.9,3.72,92440
LBBL,28-09-21,534.09,564,526.3,535,-1.8,104084
LBBL,27-09-21,570,587,541,544.8,-5.42,114264
LBBL,26-09-21,606.2,622,575,576,-3.1,116742
LBBL,23-09-21,616,626,588,594.4,-1.59,167907
LBBL,22-09-21,571.2,604,571.2,604,7.86,110206
LBBL,21-09-21,550,583.4,531,560,0.72,188843
LBBL,20-09-21,588,598,552,556,-5.92,174155
LBBL,16-09-21,605.6,612,581.1,591,-4.35,206196
LBBL,15-09-21,634,635,611.1,617.9,-2.54,111223
LBBL,14-09-21,646,653,626,634,-1.71,86847
LBBL,13-09-21,648.7,669,642,645,1.42,194995
LBBL,12-09-21,610,646,600,636,4.95,212771
LBBL,09-09-21,612,623,599.8,606,-0.98,112932
LBBL,08-09-21,625.1,628,609.1,612,-3.16,142508
LBBL,07-09-21,640,652.8,611,632,-0.6,195874
LBBL,06-09-21,567,635.8,567,635.8,10,207366
LBBL,05-09-21,637,637,573.3,578,-9.26,338949
LBBL,02-09-21,679.9,679.9,623,637,-4.63,202466
LBBL,01-09-21,673,688.9,660,667.9,-0.31,242738
LBBL,31-08-21,699.2,699.2,669.7,670,-4.18,262787
LBBL,29-08-21,714,742,685,699.2,-0.11,391486
LBBL,26-08-21,664,712,655,700,5.18,304837
LBBL,25-08-21,693,714,662,665.5,-3.97,224881
LBBL,24-08-21,744.3,744.3,691,693,-5.04,360065
LBBL,19-08-21,743.5,774,700,729.8,0.11,570717
LBBL,18-08-21,681.3,734.8,675,729,9.13,835074
LBBL,17-08-21,655,682,645,668,3.09,358625
LBBL,16-08-21,650,668.1,638,648,-0.77,216762
LBBL,15-08-21,685,685,637,653,-4.67,394215
LBBL,12-08-21,651,695.4,644,685,5.22,515417
LBBL,11-08-21,673.2,699,643,651,-1.36,244607
LBBL,10-08-21,623,678.3,623,660,5.96,460653
LBBL,09-08-21,630,638,615,622.9,-0.65,87828
LBBL,08-08-21,633.4,638,621,627,0.97,168267
LBBL,05-08-21,622,635,610,621,0.99,220389
LBBL,04-08-21,627,627,609,614.9,-0.02,95309
LBBL,03-08-21,620,627,610,615,0,80996
LBBL,02-08-21,639.4,639.4,611,615,-1.9,176658
LBBL,01-08-21,623,640,622,626.9,2.6,422809
LBBL,29-07-21,591,614,591,611,5.34,203198
LBBL,28-07-21,595,608,580,580,-1.69,193704
LBBL,27-07-21,582,612,570,590,1.37,142541
LBBL,26-07-21,598.6,598.6,574,582,-0.83,119966
LBBL,25-07-21,600,604,582,586.9,-1.36,230382
LBBL,22-07-21,603,605,590,595,-1,163092
LBBL,20-07-21,623,623,598.8,601,-1.72,91418
LBBL,19-07-21,630,640,606,611.5,-2.16,195099
LBBL,18-07-21,596,625,590,625,6.84,211393
LBBL,15-07-21,600,600,580,585,-0.51,86101
LBBL,14-07-21,597,607,577,588,0.34,39853
LBBL,13-07-21,596,609,572,586,-0.17,104788
LBBL,12-07-21,615,615,577,587,-2.65,290999
LBBL,11-07-21,585,605,552,603,8.06,174540
LBBL,08-07-21,542,563,542,558,2.2,87414
LBBL,07-07-21,550,570,541,546,-0.73,57158
LBBL,06-07-21,559,580,547,550,-0.36,57304
LBBL,05-07-21,560,567,551,552,-2.82,87886
LBBL,04-07-21,600,600,561,568,-1.73,103314
LBBL,01-07-21,575,597,560,578,1.58,199123
LBBL,30-06-21,543,586,520,569,4.79,230314
LBBL,29-06-21,582,582,543,543,-6.7,233449
LBBL,28-06-21,595,600,574,582,-0.51,94214
LBBL,27-06-21,600,605,580,585,-2.34,143818
LBBL,24-06-21,610,615,596,599,-1.8,156922
LBBL,23-06-21,661,661,606,610,-3.17,160235
LBBL,22-06-21,575,632,575,630,5,298689
LBBL,21-06-21,655,655,600,600,-3.85,340953
LBBL,20-06-21,655,668,605,624,-4.73,327164
LBBL,17-06-21,640,665,628,655,2.34,352663
LBBL,16-06-21,623,676,617,640,-2.29,404066
LBBL,15-06-21,696,696,647,655,-4.1,489102
LBBL,14-06-21,730,730,670,683,-1.87,610284
LBBL,13-06-21,645,696,640,696,9.95,860139
LBBL,10-06-21,600,643,591,633,6.03,748400
LBBL,09-06-21,663,663,594,597,-0.06,789368
LBBL,08-06-21,600,652,600,632,6.58,560172
LBBL,07-06-21,550,599,541,593,8.81,754444
LBBL,06-06-21,496,545,496,545,9.88,1035540
LBBL,03-06-21,485,523,476,496,4.2,700809
LBBL,02-06-21,440,476,425,476,9.93,658386
LBBL,01-06-21,400,440,400,433,8.25,714587
LBBL,31-05-21,390,413,373,400,6.38,1009625
LBBL,30-05-21,350,376,346,376,9.94,651403
LBBL,27-05-21,329,353,318,342,3.95,235197
LBBL,25-05-21,353,353,325,329,-2.37,163699
LBBL,24-05-21,346,352,334,337,-2.6,236082
LBBL,23-05-21,322,353,310,346,6.46,291222
LBBL,20-05-21,305,327,300,325,8.33,184321
LBBL,19-05-21,314,314,300,300,-3.85,142068
LBBL,18-05-21,302,321,295,312,5.05,239813
LBBL,17-05-21,300,303,292,297,-0.67,127034
LBBL,16-05-21,290,304,290,299,3.82,249862
LBBL,13-05-21,290,290,280,288,2.49,124864
LBBL,12-05-21,282,283,279,281,0,56181
LBBL,11-05-21,277,282,275,281,1.44,46090
LBBL,10-05-21,274,277,272,277,1.09,15785
LBBL,09-05-21,275,279,272,274,-0.36,53691
LBBL,06-05-21,275,278,273,275,-1.08,20711
LBBL,05-05-21,282,282,275,278,0,28597
LBBL,04-05-21,276,280,273,278,0.72,26903
LBBL,03-05-21,284,285,275,276,-1.78,54232
LBBL,02-05-21,279,282,275,281,1.08,62656
LBBL,29-04-21,275,278,274,278,2.21,50650
LBBL,28-04-21,280,283,270,272,-2.16,33123
LBBL,27-04-21,271,282,270,278,2.21,50408
LBBL,26-04-21,278,283,269,271,-3.9,60722
LBBL,25-04-21,305,305,278,282,-3.09,85844
LBBL,22-04-21,285,292,282,291,0.34,69631
LBBL,21-04-21,305,305,287,290,-3.01,93028
LBBL,20-04-21,284,300,274,299,6.03,230020
LBBL,19-04-21,289,292,282,282,-2.42,130820
LBBL,18-04-21,294,300,286,289,-0.69,340480
LBBL,15-04-21,290,299,287,291,2.11,222768
LBBL,13-04-21,281,290,268,285,6.34,300845
LBBL,12-04-21,260,270,260,268,1.13,94235
LBBL,08-04-21,263,273,263,265,-0.38,44477
LBBL,07-04-21,264,275,264,266,0.76,103917
LBBL,06-04-21,261,270,255,264,2.72,93529
LBBL,05-04-21,257,266,256,257,-1.15,52309
LBBL,04-04-21,265,265,258,260,-1.14,47935
LBBL,01-04-21,253,275,252,263,4.37,144984
LBBL,31-03-21,247,253,247,252,2.02,51512
LBBL,30-03-21,249,253,245,247,0.82,36474
LBBL,29-03-21,250,250,245,245,-0.41,14409
LBBL,25-03-21,250,253,245,246,-0.81,46907
LBBL,24-03-21,245,251,245,248,0.81,27944
LBBL,23-03-21,245,248,245,246,-1.6,24615
LBBL,22-03-21,254,256,248,250,-1.19,26824
LBBL,21-03-21,248,254,247,253,2.02,41182
LBBL,18-03-21,244,252,243,248,2.48,43240
LBBL,17-03-21,242,246,238,242,1.26,44353
LBBL,16-03-21,242,242,237,239,-0.42,20480
LBBL,15-03-21,236,244,233,240,0.42,44073
LBBL,14-03-21,242,246,237,239,-1.24,31538
LBBL,10-03-21,241,248,239,242,-0.82,37908
LBBL,09-03-21,247,249,244,244,-1.21,24939
LBBL,08-03-21,255,256,247,247,-1.98,21998
LBBL,04-03-21,246,253,246,251,2.45,56200
LBBL,03-03-21,260,260,240,245,-1.21,51758
LBBL,02-03-21,255,259,246,248,-3.5,56663
LBBL,01-03-21,250,260,245,257,0,55475
LBBL,28-02-21,259,259,249,250,-3.47,84773
LBBL,25-02-21,263,265,259,259,0,38292
LBBL,24-02-21,247,274,247,264,1.93,81578
LBBL,23-02-21,263,264,252,259,-2.26,110958
LBBL,22-02-21,275,278,263,265,-2.93,131869
LBBL,21-02-21,277,280,273,273,-0.01,133589
LBBL,18-02-21,270,278,267,276,0.04,209533
LBBL,17-02-21,265,267,261,266,0.01,84103
LBBL,16-02-21,268,272,259,264,0,148431
LBBL,15-02-21,266,276,262,264,0.01,146804
LBBL,14-02-21,260,270,256,261,0,140713
LBBL,11-02-21,252,272,250,260,0.04,208600
LBBL,10-02-21,255,255,245,250,0,105706
LBBL,09-02-21,248,252,245,249,0.02,109439
LBBL,08-02-21,241,251,240,245,0.03,128056
LBBL,07-02-21,242,244,238,239,0,53531
LBBL,04-02-21,238,246,238,239,0,58315
LBBL,03-02-21,240,246,237,239,0.01,92092
LBBL,02-02-21,233,240,231,237,0.03,69295
LBBL,01-02-21,232,233,227,230,0,40928
LBBL,31-01-21,231,234,223,229,-0.03,67449
LBBL,28-01-21,238,242,232,235,-0.02,59996
LBBL,27-01-21,240,244,237,241,0,43585
LBBL,26-01-21,246,246,240,240,-0.02,64864
LBBL,25-01-21,259,259,243,246,0,97050
LBBL,24-01-21,245,250,244,247,0.01,103411
LBBL,21-01-21,244,244,240,244,0.02,77740
LBBL,20-01-21,237,241,232,240,0,105707
LBBL,19-01-21,243,245,238,240,-0.02,79363
LBBL,18-01-21,245,250,242,245,0,103280
LBBL,17-01-21,238,250,233,244,0.03,228448
LBBL,13-01-21,230,241,228,238,0.05,147657
LBBL,12-01-21,230,232,222,227,-0.01,43250
LBBL,11-01-21,228,232,222,229,0.02,148381
LBBL,10-01-21,218,227,211,224,0.08,148268
LBBL,07-01-21,212,212,208,208,0,46032
LBBL,06-01-21,207,210,206,209,0.01,51106
LBBL,05-01-21,210,215,205,207,0,14365
LBBL,04-01-21,210,214,205,207,0,57324
LBBL,03-01-21,205,208,202,207,0.03,44191
LBBL,31-12-20,201,203,199,201,0.02,25899
LBBL,30-12-20,200,201,198,198,-0.01,13959
LBBL,29-12-20,204,204,200,200,-0.02,26882
LBBL,28-12-20,218,222,216,218,0,54783
LBBL,27-12-20,219,223,214,217,-0.02,46723
LBBL,24-12-20,228,228,220,221,-0.01,24348
LBBL,23-12-20,234,235,222,224,-0.03,32559
LBBL,22-12-20,222,236,219,230,0.05,69889
LBBL,21-12-20,215,221,205,219,0,48308
LBBL,20-12-20,225,226,218,219,-0.04,55731
LBBL,17-12-20,227,238,226,228,-0.01,31687
LBBL,16-12-20,228,233,228,231,0,27498
LBBL,15-12-20,238,238,231,231,-0.02,64508
LBBL,14-12-20,226,235,226,235,0.04,103587
LBBL,13-12-20,225,227,222,226,0.02,38738
LBBL,10-12-20,225,225,221,222,0,47101
LBBL,09-12-20,225,225,222,223,-0.02,28591
LBBL,08-12-20,245,245,226,228,-0.03,60768
LBBL,07-12-20,232,240,226,234,0.02,83528
LBBL,06-12-20,240,240,229,229,-0.05,61325
LBBL,03-12-20,255,259,237,241,-0.01,153597
LBBL,02-12-20,234,245,230,243,0.05,97862
LBBL,01-12-20,224,241,224,232,-0.01,45217
LBBL,30-11-20,244,251,233,234,-0.04,134491
LBBL,29-11-20,223,245,223,244,0.09,197029
LBBL,26-11-20,228,236,220,223,-0.01,48530
LBBL,25-11-20,222,226,221,225,0.03,32800
LBBL,24-11-20,220,224,218,218,0,35425
LBBL,23-11-20,220,223,217,219,0,26349
LBBL,22-11-20,217,226,216,219,0,36302
LBBL,19-11-20,222,222,216,218,0,38052
LBBL,18-11-20,217,221,217,218,0,17443
LBBL,12-11-20,220,222,218,218,--,26630
LBBL,11-11-20,217,222,217,220,1.38,29629
LBBL,10-11-20,219,220,216,217,0,20151
LBBL,09-11-20,223,223,216,217,-0.91,27892
LBBL,08-11-20,221,225,217,219,0.46,28431
LBBL,05-11-20,221,221,214,218,0,38954
LBBL,04-11-20,220,222,217,218,-0.91,24527
LBBL,03-11-20,221,223,220,220,-1.35,46675
LBBL,02-11-20,226,227,222,223,-1.33,21271
LBBL,01-11-20,222,229,221,226,0.44,36404
LBBL,29-10-20,228,233,225,225,-1.32,77103
LBBL,28-10-20,221,229,217,228,3.64,50380
LBBL,22-10-20,219,222,218,220,0,21957
LBBL,21-10-20,220,222,219,220,0,14636
LBBL,20-10-20,220,222,216,220,0.92,23989
LBBL,19-10-20,212,218,211,218,3.32,26431
LBBL,18-10-20,214,217,210,211,-2.76,23903
LBBL,15-10-20,217,222,214,217,0,36703
LBBL,14-10-20,218,222,216,217,-2.25,35383
LBBL,13-10-20,234,234,220,222,-0.45,80085
LBBL,12-10-20,221,230,215,223,1.83,133138
LBBL,11-10-20,221,224,218,219,-0.9,62823
LBBL,08-10-20,230,230,218,221,-3.49,96562
LBBL,07-10-20,222,230,221,229,3.62,160090
LBBL,06-10-20,225,226,218,221,-0.9,159437
LBBL,05-10-20,212,224,207,223,6.7,261038
LBBL,04-10-20,204,209,202,209,4.5,121444
LBBL,01-10-20,196,201,196,200,3.63,107378
LBBL,30-09-20,189,201,189,193,1.05,82133
LBBL,29-09-20,189,192,189,191,0.53,14847
LBBL,28-09-20,189,198,189,190,0,36709
LBBL,27-09-20,190,192,188,190,0.53,32592
LBBL,24-09-20,188,190,187,189,0,12006
LBBL,23-09-20,187,189,185,189,1.07,11305
LBBL,22-09-20,191,192,186,187,-2.6,24340
LBBL,21-09-20,191,196,187,192,-0.52,58994
LBBL,20-09-20,195,204,189,193,1.58,55291
LBBL,17-09-20,185,197,183,190,3.26,73754
LBBL,16-09-20,185,185,182,184,0,7949
LBBL,15-09-20,187,188,183,184,-0.54,12244
LBBL,14-09-20,184,187,181,185,2.21,28590
LBBL,13-09-20,193,193,181,181,-1.63,33014
LBBL,10-09-20,186,188,182,184,0.55,5436
LBBL,09-09-20,182,184,181,183,0,7594
LBBL,08-09-20,181,185,179,183,1.1,14650
LBBL,07-09-20,182,184,181,181,-2.16,18460
LBBL,06-09-20,194,194,183,185,0,15329
LBBL,03-09-20,189,190,184,185,-1.07,15167
LBBL,02-09-20,183,188,183,187,1.63,23153
LBBL,31-08-20,184,187,182,184,0,19110
LBBL,30-08-20,183,184,181,184,0.55,4981
LBBL,27-08-20,184,190,183,183,-2.14,12881
LBBL,26-08-20,182,188,182,187,2.75,20529
LBBL,25-08-20,182,185,181,182,-0.55,13190
LBBL,24-08-20,182,186,182,183,1.1,9359
LBBL,23-08-20,180,182,180,181,0,10600
LBBL,20-08-20,181,184,181,181,-1.63,5034
LBBL,19-08-20,182,184,180,184,0,11477
LBBL,18-08-20,182,184,181,184,1.66,11158
LBBL,17-08-20,181,183,179,181,-0.55,44243
LBBL,16-08-20,185,185,177,182,-3.19,18524
LBBL,13-08-20,188,191,187,188,-1.05,14095
LBBL,12-08-20,188,192,188,190,0,5374
LBBL,11-08-20,193,193,190,190,-0.52,15687
LBBL,10-08-20,190,192,188,191,2.14,20356
LBBL,09-08-20,194,194,182,187,1.08,18229
LBBL,06-08-20,183,185,180,185,1.09,13730
LBBL,05-08-20,187,187,184,185,-1.6,27177
LBBL,03-08-20,189,192,186,188,-0.53,19029
LBBL,02-08-20,193,193,188,189,-2.58,43626
LBBL,30-07-20,195,195,192,194,-0.51,18252
LBBL,29-07-20,192,195,190,195,0.52,26312
LBBL,28-07-20,194,197,191,194,0,16124
LBBL,27-07-20,196,197,192,194,-0.51,22473
LBBL,26-07-20,198,199,192,195,-0.51,36802
LBBL,23-07-20,192,197,190,196,0.51,24629
LBBL,22-07-20,197,198,190,195,0,12544
LBBL,21-07-20,195,200,192,195,-1.02,32089
LBBL,20-07-20,210,218,194,197,-4.37,76002
LBBL,19-07-20,197,206,197,206,9.57,728
LBBL,16-07-20,184,189,182,188,3.87,30022
LBBL,15-07-20,179,185,179,181,0.56,12077
LBBL,14-07-20,180,183,179,180,0,5899
LBBL,13-07-20,181,182,179,180,-0.55,13283
LBBL,12-07-20,185,187,180,181,-0.55,10822
LBBL,09-07-20,180,183,177,182,1.11,6222
LBBL,08-07-20,183,185,180,180,-1.1,17766
LBBL,07-07-20,176,185,176,182,4,29714
LBBL,06-07-20,171,177,171,175,2.34,15451
LBBL,05-07-20,168,176,168,171,0,17050
LBBL,02-07-20,189,192,171,171,-8.06,5268
LBBL,01-07-20,182,186,182,186,3.91,951
LBBL,30-06-20,167,179,167,179,5.92,2854
LBBL,29-06-20,175,175,172,169,-3.37,5830
LBBL,22-03-20,175,178,175,178,0,2919
LBBL,19-03-20,174,183,171,178,0.56,29391
LBBL,18-03-20,175,183,173,178,0,34049
LBBL,17-03-20,186,186,176,178,-3.78,60189
LBBL,16-03-20,179,186,177,185,1.65,21842
LBBL,15-03-20,186,186,180,182,-3.7,41477
LBBL,12-03-20,190,191,185,189,-2.07,33338
LBBL,11-03-20,186,194,184,193,5.46,33956
LBBL,10-03-20,192,192,183,183,-5.67,18602
LBBL,05-03-20,190,205,190,194,1.57,51921
LBBL,04-03-20,202,203,188,191,-7.28,58024
LBBL,03-03-20,200,210,196,206,3,56183
LBBL,02-03-20,209,212,198,200,-4.76,39200
LBBL,01-03-20,218,225,210,210,-3.67,71666
LBBL,27-02-20,211,227,207,218,1.87,68081
LBBL,26-02-20,212,216,209,214,1.42,74433
LBBL,25-02-20,205,211,145,211,2.93,34277
LBBL,24-02-20,210,214,202,205,-2.38,50080
LBBL,23-02-20,199,211,198,210,6.6,106709
LBBL,20-02-20,196,198,195,197,0.51,32132
LBBL,19-02-20,195,201,195,196,1.03,23347
LBBL,18-02-20,196,196,193,194,-0.51,10771
LBBL,17-02-20,195,198,193,195,1.56,17900
LBBL,16-02-20,195,196,191,193,0,18825
LBBL,13-02-20,194,194,191,193,0,19261
LBBL,12-02-20,198,198,190,193,-1.53,20538
LBBL,11-02-20,191,196,191,196,2.08,15691
LBBL,10-02-20,190,192,190,192,-0.52,45944
LBBL,09-02-20,194,195,193,193,-2.03,12496
LBBL,06-02-20,198,201,195,197,0,18490
LBBL,05-02-20,196,197,193,197,0.51,7996
LBBL,04-02-20,195,203,194,194,-0.51,51716
LBBL,03-02-20,197,197,193,195,0.52,24269
LBBL,02-02-20,194,195,190,194,0.52,40507
LBBL,30-01-20,190,193,189,193,1.58,14184
LBBL,29-01-20,192,194,188,190,-0.52,12053
LBBL,28-01-20,191,192,189,191,-0.52,16213
LBBL,27-01-20,185,193,185,192,3.78,21382
LBBL,26-01-20,188,190,186,186,-1.59,15973
LBBL,23-01-20,195,197,188,189,-2.58,16648
LBBL,22-01-20,192,197,192,194,0.52,25578
LBBL,21-01-20,196,196,192,193,-1.03,27470
LBBL,20-01-20,201,203,193,195,-2.5,80314
LBBL,19-01-20,192,203,191,200,5.82,86329
LBBL,16-01-20,188,191,186,189,1.61,30174
LBBL,15-01-20,185,188,184,186,1.09,14433
LBBL,14-01-20,183,188,182,184,0.55,18058
LBBL,13-01-20,185,188,183,183,0.55,38792
LBBL,12-01-20,183,185,180,182,1.11,29349
LBBL,09-01-20,183,183,179,180,0,18514
LBBL,08-01-20,191,191,178,180,-7.35,54108
LBBL,07-01-20,199,204,198,204,3.03,130860
LBBL,06-01-20,197,199,196,198,1.54,75038
LBBL,05-01-20,193,197,190,195,0,30546
LBBL,02-01-20,198,198,193,195,0,38846
LBBL,01-01-20,194,195,193,195,1.04,24840
LBBL,31-12-19,198,198,192,193,-0.52,19451
LBBL,30-12-19,192,194,191,194,0.52,17031
LBBL,29-12-19,194,195,192,193,-0.52,8489
LBBL,26-12-19,193,194,192,194,0.52,14419
LBBL,25-12-19,193,194,192,193,0.52,25180
LBBL,24-12-19,197,197,190,192,-1.03,42572
LBBL,23-12-19,190,194,190,194,2.11,24015
LBBL,22-12-19,191,191,189,190,0.53,13667
LBBL,19-12-19,189,190,188,189,-0.53,7683
LBBL,18-12-19,188,190,188,190,0,16408
LBBL,17-12-19,187,190,187,190,0,13696
LBBL,16-12-19,188,191,188,190,0,28590
LBBL,15-12-19,194,194,190,190,-2.06,44095
LBBL,12-12-19,197,199,193,194,-1.52,59479
LBBL,11-12-19,188,198,187,197,6.49,149057
LBBL,10-12-19,177,186,176,185,6.32,58614
LBBL,09-12-19,174,176,174,174,-0.57,5393
LBBL,08-12-19,173,175,172,175,2.94,17538
LBBL,05-12-19,171,172,170,170,-0.58,1437
LBBL,04-12-19,170,171,168,171,0,2363
LBBL,03-12-19,172,172,170,171,-0.58,2073
LBBL,02-12-19,171,172,170,172,1.18,5915
LBBL,01-12-19,169,170,169,170,1.19,2339
LBBL,28-11-19,169,170,168,168,-1.18,3230
LBBL,27-11-19,168,170,168,170,1.8,7047
LBBL,26-11-19,167,169,166,167,-1.18,6717
LBBL,25-11-19,170,170,166,169,0.6,10174
LBBL,24-11-19,168,169,167,168,-0.59,3614
LBBL,21-11-19,169,169,168,169,0,4077
LBBL,20-11-19,171,171,169,169,-0.59,11031
LBBL,19-11-19,171,171,169,170,0,2397
LBBL,18-11-19,170,171,170,170,-0.58,6845
LBBL,17-11-19,171,172,170,171,0.59,2023
LBBL,14-11-19,171,173,170,170,-0.58,5942
LBBL,13-11-19,170,173,170,171,-1.16,4644
LBBL,12-11-19,172,174,170,173,-0.57,244
LBBL,11-11-19,171,174,170,174,1.75,5100
LBBL,10-11-19,171,172,170,171,-0.58,4264
LBBL,07-11-19,172,172,171,172,0,2322
LBBL,06-11-19,174,175,172,172,-0.58,8953
LBBL,05-11-19,174,174,172,173,0,1643
LBBL,04-11-19,170,173,170,173,0.58,7790
LBBL,03-11-19,172,173,170,172,0,2720
LBBL,31-10-19,170,175,170,172,-0.58,4634
LBBL,24-10-19,172,175,172,173,0.58,5346
LBBL,23-10-19,175,175,172,172,0,2259
LBBL,22-10-19,170,173,170,172,0,4726
LBBL,21-10-19,175,175,172,172,-1.71,1674
LBBL,20-10-19,171,175,171,175,1.16,1144
LBBL,17-10-19,175,175,171,173,-1.14,7200
LBBL,16-10-19,172,175,172,175,0,525
LBBL,15-10-19,173,176,173,175,0,8622
LBBL,14-10-19,174,176,173,175,-0.57,1390
LBBL,10-10-19,176,176,174,176,0.57,1093
LBBL,03-10-19,174,175,174,175,1.16,5326
LBBL,02-10-19,173,174,172,173,-0.57,6714
LBBL,01-10-19,171,174,171,174,1.75,3895
LBBL,30-09-19,170,171,169,171,0.59,2855
LBBL,29-09-19,167,171,167,170,0.59,1590
LBBL,26-09-19,170,170,169,169,-0.59,5278
LBBL,24-09-19,169,172,169,171,0,3184
LBBL,23-09-19,170,172,170,171,0.59,11433
LBBL,22-09-19,175,175,170,170,-2.86,5034
LBBL,19-09-19,175,175,173,175,-0.57,4821
LBBL,18-09-19,177,178,174,176,1.15,12689
LBBL,17-09-19,167,174,166,174,2.96,4362
LBBL,16-09-19,170,170,168,169,-1.74,8850
LBBL,15-09-19,173,173,170,172,-0.58,9252
LBBL,12-09-19,173,175,173,173,0,5988
LBBL,11-09-19,173,176,172,173,0,4980
LBBL,10-09-19,174,175,172,173,-1.14,8085
LBBL,09-09-19,177,177,173,175,0,7470
LBBL,08-09-19,178,178,175,175,-0.57,8042
LBBL,05-09-19,179,179,176,176,-1.12,5315
LBBL,04-09-19,177,179,176,178,0.56,9887
LBBL,03-09-19,174,178,171,177,1.14,10200
LBBL,02-09-19,175,176,174,175,-0.57,10915
LBBL,01-09-19,177,178,176,176,-0.56,9825
LBBL,29-08-19,177,178,176,177,0.57,6686
LBBL,28-08-19,177,177,176,176,-0.56,4405
LBBL,27-08-19,178,178,175,177,0,8850
LBBL,26-08-19,178,179,177,177,-1.12,11576
LBBL,25-08-19,177,179,175,179,0,7430
LBBL,22-08-19,179,180,177,179,0,13673
LBBL,21-08-19,181,181,178,179,0,9119
LBBL,20-08-19,180,180,178,179,-0.56,7285
LBBL,19-08-19,176,180,175,180,1.69,11212
LBBL,18-08-19,179,181,176,177,-0.56,14087
LBBL,15-08-19,180,180,176,178,0,10728
LBBL,14-08-19,180,180,177,178,-1.11,17573
LBBL,13-08-19,178,190,178,180,2.86,36286
LBBL,12-08-19,171,176,171,175,2.34,7049
LBBL,11-08-19,171,172,170,171,0,7184
LBBL,08-08-19,173,173,170,171,-1.72,5796
LBBL,07-08-19,176,176,168,174,-0.63,20397
LBBL,06-08-19,209,209,204,205,-1.44,57444
LBBL,05-08-19,208,208,205,208,0,46788
LBBL,04-08-19,207,210,205,208,0.48,53061
LBBL,01-08-19,208,208,204,207,0,17075
LBBL,31-07-19,210,210,206,207,0.49,7207
LBBL,30-07-19,211,211,206,206,-0.48,17730
LBBL,29-07-19,204,207,204,207,1.47,8282
LBBL,28-07-19,205,206,202,204,-0.97,25263
LBBL,25-07-19,207,208,205,206,-1.44,71573
LBBL,24-07-19,208,209,207,209,0.48,35957
LBBL,23-07-19,210,210,206,208,0,37710
LBBL,22-07-19,212,213,206,208,-0.48,52360
LBBL,21-07-19,203,209,202,209,2.96,26694
LBBL,18-07-19,205,208,202,203,-1.93,30195
LBBL,17-07-19,194,207,194,207,5.08,69904
LBBL,16-07-19,202,202,195,197,2.07,9146
LBBL,15-07-19,193,194,191,193,0,18434
LBBL,14-07-19,192,197,192,193,-1.03,3287
LBBL,11-07-19,195,195,193,195,0.52,11385
LBBL,10-07-19,190,194,189,194,1.57,9525
LBBL,09-07-19,189,191,187,191,0.53,23130
LBBL,08-07-19,191,191,189,190,-1.04,19667
LBBL,07-07-19,194,195,190,192,-2.54,34831
LBBL,04-07-19,196,197,195,197,-0.51,4047
LBBL,03-07-19,195,198,193,198,2.59,13736
LBBL,02-07-19,193,195,193,193,-0.52,5926
LBBL,01-07-19,193,196,193,194,0.52,7865
LBBL,30-06-19,195,196,193,193,-1.03,10857
LBBL,27-06-19,197,197,195,195,-0.51,7998
LBBL,26-06-19,196,199,194,196,0,5602
LBBL,25-06-19,195,197,195,196,0,9084
LBBL,24-06-19,199,199,196,196,-1.01,9130
LBBL,23-06-19,201,201,197,198,0,5532
LBBL,20-06-19,197,199,194,198,0.51,21002
LBBL,19-06-19,197,197,196,197,0,3142
LBBL,18-06-19,198,198,197,197,-0.51,5808
LBBL,17-06-19,195,198,195,198,0.51,20571
LBBL,16-06-19,201,201,196,197,-1.99,18362
LBBL,13-06-19,196,201,195,201,2.03,17421
LBBL,12-06-19,198,198,195,197,-1.01,27670
LBBL,11-06-19,198,200,196,199,0.51,3837
LBBL,10-06-19,198,199,196,198,0,9592
LBBL,06-06-19,198,200,196,198,-0.5,15620
LBBL,04-06-19,197,200,197,199,0.51,7425
LBBL,03-06-19,205,205,198,198,-1.49,21050
LBBL,02-06-19,203,203,200,201,-0.5,19285
LBBL,30-05-19,205,209,202,202,0.5,40843
LBBL,29-05-19,207,207,198,201,-0.99,20417
LBBL,28-05-19,200,203,199,203,1.5,33070
LBBL,27-05-19,198,203,198,200,-0.5,20552
LBBL,26-05-19,206,206,197,201,-2.43,47691
LBBL,23-05-19,205,206,204,206,0,16492
LBBL,22-05-19,204,207,204,206,0,15373
LBBL,21-05-19,206,208,205,206,0.49,23473
LBBL,20-05-19,214,214,205,205,-2.38,32241
LBBL,19-05-19,200,212,200,210,6.06,88090
LBBL,16-05-19,196,203,196,198,0.51,26953
LBBL,15-05-19,199,199,195,197,0.51,26786
LBBL,14-05-19,192,197,191,196,2.08,22097
LBBL,13-05-19,192,192,191,192,-0.52,17111
LBBL,12-05-19,193,193,190,193,0,12302
LBBL,09-05-19,193,196,193,193,-1.03,4246
LBBL,08-05-19,195,195,193,195,0,14536
LBBL,07-05-19,197,198,194,195,0,9518
LBBL,06-05-19,193,196,190,195,0.52,13808
LBBL,05-05-19,196,199,192,194,-2.51,32573
LBBL,02-05-19,195,199,195,199,0.51,21633
LBBL,30-04-19,200,200,195,198,0,10684
LBBL,29-04-19,200,204,196,198,-2.46,55478
LBBL,28-04-19,200,207,198,203,3.05,73970
LBBL,25-04-19,189,197,188,197,5.91,61540
LBBL,24-04-19,181,188,181,186,4.49,76474
LBBL,23-04-19,177,178,175,178,-0.56,5922
LBBL,22-04-19,181,181,177,179,0,27658
LBBL,21-04-19,178,180,176,179,1.13,27741
LBBL,18-04-19,176,177,174,177,0.57,8590
LBBL,17-04-19,175,179,174,176,0.57,18377
LBBL,16-04-19,173,175,173,175,1.74,9948
LBBL,15-04-19,171,174,171,172,-1.15,3280
LBBL,11-04-19,173,174,173,174,0,895
LBBL,10-04-19,170,174,170,174,1.75,8642
LBBL,09-04-19,173,173,170,171,0,5306
LBBL,08-04-19,173,175,171,171,-1.16,17751
LBBL,07-04-19,171,173,170,173,1.76,11917
LBBL,04-04-19,171,172,170,170,-0.58,9065
LBBL,03-04-19,173,174,171,171,-0.58,13437
LBBL,02-04-19,172,173,171,172,0,6405
LBBL,01-04-19,170,173,170,172,1.18,9610
LBBL,31-03-19,169,171,169,170,0.59,32095
LBBL,28-03-19,170,172,169,169,-0.59,11822
LBBL,27-03-19,169,171,169,170,0.59,6591
LBBL,26-03-19,170,171,169,169,-0.59,7701
LBBL,25-03-19,170,172,170,170,0.59,4452
LBBL,24-03-19,170,172,169,169,-1.17,4836
LBBL,21-03-19,171,173,171,171,-0.58,6184
LBBL,19-03-19,172,172,172,172,0,104
LBBL,18-03-19,171,173,171,172,-0.58,1398
LBBL,17-03-19,175,175,172,173,0,21666
LBBL,14-03-19,173,173,170,173,1.76,13320
LBBL,13-03-19,176,176,173,173,-0.57,10679
LBBL,12-03-19,175,175,173,174,0.58,11788
LBBL,11-03-19,172,174,172,173,0.58,6224
LBBL,10-03-19,173,173,170,172,-0.58,12092
LBBL,09-03-19,173,173,170,172,-0.58,12092
LBBL,07-03-19,172,173,171,173,1.17,3673
LBBL,06-03-19,173,173,170,171,0.59,8064
LBBL,05-03-19,169,172,169,170,-0.58,7152
LBBL,03-03-19,166,171,168,171,1.18,6493
LBBL,27-02-19,170,172,169,169,-1.74,33511
LBBL,26-02-19,169,172,169,172,0,3231
LBBL,25-02-19,169,172,170,172,0,6743
LBBL,24-02-19,171,172,170,172,0.58,3012
LBBL,21-02-19,171,173,171,171,0,1030
LBBL,20-02-19,172,175,170,171,-2.29,1234
LBBL,19-02-19,169,175,169,175,2.34,3999
LBBL,18-02-19,171,172,170,171,0,3911
LBBL,17-02-19,173,173,170,171,0,7424
LBBL,14-02-19,170,172,170,171,-0.58,11771
LBBL,13-02-19,172,173,171,172,-0.58,5322
LBBL,12-02-19,173,174,172,173,-0.57,5480
LBBL,11-02-19,171,174,171,174,1.16,6202
LBBL,10-02-19,173,174,171,172,-1.15,8603
LBBL,07-02-19,171,174,171,174,0.58,5317
LBBL,06-02-19,174,175,173,173,0,4880
LBBL,05-02-19,173,174,173,173,0,1540
LBBL,04-02-19,173,174,172,173,-0.57,2175
LBBL,03-02-19,174,174,172,174,0,4584
LBBL,31-01-19,173,176,173,174,0.58,10952
LBBL,30-01-19,176,176,173,173,-1.7,14453
LBBL,29-01-19,176,177,175,176,0,10501
LBBL,28-01-19,175,177,174,176,0.57,5052
LBBL,27-01-19,174,177,174,175,0.57,11658
LBBL,24-01-19,177,178,174,174,-1.69,16481
LBBL,23-01-19,171,177,171,177,3.51,37179
LBBL,22-01-19,170,172,170,171,0.59,2636
LBBL,21-01-19,173,171,170,170,-1.73,12717
LBBL,20-01-19,171,173,171,173,1.17,5218
LBBL,17-01-19,171,172,170,171,0,8324
LBBL,16-01-19,171,173,170,171,0,6277
LBBL,15-01-19,171,174,170,171,0,12333
LBBL,14-01-19,171,171,170,171,0,4013
LBBL,13-01-19,171,174,171,171,0,4276
LBBL,10-01-19,171,174,171,171,0,7238
LBBL,09-01-19,172,173,171,171,-0.58,4414
LBBL,08-01-19,171,172,169,172,0.58,8433
LBBL,07-01-19,169,172,169,171,1.18,1415
LBBL,06-01-19,172,172,169,169,-1.74,22869
LBBL,03-01-19,171,172,170,172,0.58,4918
LBBL,02-01-19,171,172,171,171,0,7701
LBBL,01-01-19,172,173,170,171,-0.58,33427
LBBL,31-12-18,175,175,171,172,-1.71,24768
LBBL,30-12-18,174,178,173,175,0.57,17352
LBBL,27-12-18,176,182,173,174,-1.14,41725
LBBL,26-12-18,175,181,174,176,0.57,25995
LBBL,25-12-18,176,179,174,175,-0.57,9926
LBBL,24-12-18,179,184,176,176,-1.68,51124
LBBL,23-12-18,163,179,163,179,9.82,127604
LBBL,20-12-18,163,164,162,163,0,4669
LBBL,19-12-18,161,163,159,163,1.24,4525
LBBL,18-12-18,163,163,161,161,-1.23,7554
LBBL,17-12-18,162,164,162,163,0.62,865
LBBL,16-12-18,161,164,160,162,0.62,4018
LBBL,13-12-18,160,162,160,161,0.62,4886
LBBL,12-12-18,160,162,160,160,0,687
LBBL,11-12-18,161,162,159,160,-0.62,5816
LBBL,10-12-18,160,162,160,161,0.62,6621
LBBL,09-12-18,159,161,156,160,0.63,3406
LBBL,06-12-18,157,160,155,159,1.27,1998
LBBL,04-12-18,160,161,157,158,-1.25,12112
LBBL,03-12-18,160,162,158,160,0,16377
LBBL,02-12-18,161,162,158,160,-0.62,8085
LBBL,29-11-18,163,165,161,161,-1.23,6816
LBBL,28-11-18,166,166,162,163,-1.81,5215
LBBL,27-11-18,163,166,160,166,1.84,3581
LBBL,26-11-18,161.64,163,160,163,0.84,10364
LBBL,25-11-18,165,165,161,161,-2.42,7232
LBBL,22-11-18,165,167,162,165,0,5322
LBBL,21-11-18,165,168,164,165,0,3025
LBBL,20-11-18,164,166,164,165,0.61,11255
LBBL,19-11-18,165,166,162,164,-0.61,9343
LBBL,18-11-18,167,168,164,166,-0.6,3641
LBBL,15-11-18,168,170,167,167,-0.6,18850
LBBL,14-11-18,168,170,166,168,0,19711
LBBL,05-11-18,166,168,165,168,3.07,6167
LBBL,04-11-18,163,166,160,163,-0.61,31810
LBBL,01-11-18,165,167,164,164,1.23,8443
LBBL,31-10-18,162,165,160,162,-1.22,6202
LBBL,30-10-18,162,166,161,161,3.14,10840
LBBL,29-10-18,163,163,159,159,-2.45,12135
LBBL,28-10-18,161,164,161,163,-0.61,3881
LBBL,25-10-18,165,165,164,165,-2.38,3664
LBBL,24-10-18,165,168,164,168,0.6,10195
LBBL,23-10-18,168,168,164,166,0.6,3300
LBBL,22-10-18,161,166,161,166,1.84,4845
LBBL,21-10-18,165,166,163,163,0,1055
LBBL,15-10-18,166,167,163,163,-2.98,13764
LBBL,14-10-18,165,168,165,168,2.44,15794
LBBL,11-10-18,163,166,160,164,0.61,3721
LBBL,10-10-18,163,163,161,162,0,1774
LBBL,09-10-18,161,165,160,163,1.24,27686
LBBL,08-10-18,158,161,157,161,3.87,6021
LBBL,07-10-18,158,161,155,155,-3.73,47331
LBBL,04-10-18,158,161,157,161,1.26,4092
LBBL,03-10-18,162,163,157,159,-0.62,16993
LBBL,02-10-18,162,162,159,160,-0.62,7872
LBBL,01-10-18,160,162,160,161,-1.23,11321
LBBL,30-09-18,166,166,163,163,-1.81,7561
LBBL,27-09-18,164,169,164,166,-0.6,14404
LBBL,26-09-18,169,172,164,167,-0.6,29209
LBBL,25-09-18,165,170,165,168,1.2,30703
LBBL,23-09-18,163,168,159,166,2.47,28800
LBBL,20-09-18,161,163,159,162,0.62,24048
LBBL,18-09-18,158,162,156,161,2.55,41432
LBBL,17-09-18,157,161,157,157,0.64,28123
LBBL,16-09-18,158,159,155,156,0.65,28539
LBBL,13-09-18,156,158,155,155,0,15565
LBBL,12-09-18,153,158,153,155,1.31,9521
LBBL,11-09-18,155,157,153,153,-0.65,11286
LBBL,10-09-18,151,156,151,154,0.65,14580
LBBL,09-09-18,155,157,153,153,-1.92,11745
LBBL,06-09-18,158,160,155,155,-0.64,16460
LBBL,05-09-18,160,160,153,156,-0.64,31125
LBBL,04-09-18,150,157,150,157,5.37,37962
LBBL,03-09-18,150,154,149,149,0.68,3473
LBBL,02-09-18,147,150,147,148,-0.67,5151
LBBL,30-08-18,149,150,148,149,1.36,4106
LBBL,29-08-18,147,149,147,147,-1.34,10100
LBBL,28-08-18,147,149,147,149,-0.67,4085
LBBL,26-08-18,150,150,148,150,0,523
LBBL,23-08-18,148,150,147,150,0.67,7046
LBBL,22-08-18,146,151,145,149,1.36,8880
LBBL,21-08-18,150,150,147,147,-2,5329
LBBL,20-08-18,152,152,146,150,-0.66,19716
LBBL,19-08-18,155,155,149,151,-4.43,39258
LBBL,16-08-18,158,160,157,158,-1.86,15204
LBBL,15-08-18,156,161,153,161,3.87,9731
LBBL,14-08-18,152,155,152,155,0.65,5114
LBBL,13-08-18,153,154,152,153,2.67,1808
LBBL,12-08-18,151,151,147,150,-1.96,24432
LBBL,09-08-18,155,155,152,153,0,6050
LBBL,08-08-18,155,155,153,153,-0.65,3189
LBBL,07-08-18,155,155,152,154,0,9934
LBBL,06-08-18,157,157,154,154,-0.65,5058
LBBL,05-08-18,153,156,153,155,0,7466
LBBL,02-08-18,155,155,153,155,0,10749
LBBL,01-08-18,150,156,150,155,4.73,38609
LBBL,31-07-18,145,151,143,148,3.5,42426
LBBL,30-07-18,145,145,143,143,-1.38,18567
LBBL,29-07-18,144,146,143,145,0.69,3722
LBBL,26-07-18,144,146,143,144,0,4099
LBBL,25-07-18,145,146,143,144,-2.04,13012
LBBL,24-07-18,150,150,147,147,-0.68,3536
LBBL,23-07-18,146,148,144,148,0,6140
LBBL,22-07-18,146,148,146,148,0.68,424
LBBL,19-07-18,146,149,146,147,2.08,814
LBBL,18-07-18,149,149,143,144,-2.7,3641
LBBL,17-07-18,148,148,147,148,1.37,1809
LBBL,16-07-18,145,147,145,146,2.1,612
LBBL,15-07-18,147,147,143,143,-1.38,128
LBBL,12-07-18,146,146,144,145,-0.68,7635
LBBL,11-07-18,147,149,146,146,0.69,2875
LBBL,10-07-18,145,149,145,145,0,9048
LBBL,09-07-18,145,146,145,145,-1.36,200
LBBL,08-07-18,150,152,147,148,-2.65,3736
LBBL,05-07-18,149,151,145,151,2.72,8352
LBBL,04-07-18,143,147,143,147,1.38,2422
LBBL,03-07-18,141,145,141,145,2.11,1984
LBBL,02-07-18,142,146,140,143,0,5420
LBBL,01-07-18,150,156,150,155,4.73,38609
LBBL,28-06-18,144,144,143,143,-0.69,580
LBBL,27-06-18,144,148,144,144,0,2458
LBBL,26-06-18,145,145,142,144,-0.69,9886
LBBL,25-06-18,146,146,145,146,-2.03,5316
LBBL,24-06-18,147,149,147,148,1.37,1284
LBBL,21-06-18,146,146,146,146,-0.68,1105
LBBL,20-06-18,145,147,145,147,0.68,1877
LBBL,19-06-18,147,148,146,146,-1.35,4221
LBBL,18-06-18,148,148,146,148,0,1524
LBBL,17-06-18,152,152,148,148,-1.33,1667
LBBL,14-06-18,151,152,149,150,0,12572
LBBL,13-06-18,147,152,147,150,0,5165
LBBL,12-06-18,150,152,150,150,0,1800
LBBL,11-06-18,147,150,147,150,0,1266
LBBL,10-06-18,149,151,149,150,0.67,8292
LBBL,07-06-18,151,152,149,151,-0.67,14447
LBBL,06-06-18,153,153,151,151,0.67,1320
LBBL,04-06-18,152,152,149,150,-1.96,2524
LBBL,03-06-18,155,158,153,153,-3.16,4349
LBBL,31-05-18,155,158,155,158,0,2088
LBBL,30-05-18,155,160,155,158,0.64,2480
LBBL,29-05-18,160,160,156,159,-1.87,5059
LBBL,28-05-18,155,161,153,160,3.23,5114
LBBL,27-05-18,154,158,154,155,-1.27,5221
LBBL,24-05-18,159,162,157,157,-1.26,2112
LBBL,23-05-18,158,159,156,159,0.63,1917
LBBL,22-05-18,163,163,158,158,-1.25,7345
LBBL,21-05-18,160,160,157,160,-1.84,7517
LBBL,20-05-18,164,166,160,163,1.24,11006
LBBL,17-05-18,164,164,161,161,0,2118
LBBL,16-05-18,160,161,160,161,0.62,1298
LBBL,15-05-18,160,160,160,160,-1.23,32
LBBL,14-05-18,160,164,160,162,-0.61,1275
LBBL,10-05-18,163,169,160,163,0,3451
LBBL,09-05-18,168,170,163,163,-2.98,3238
LBBL,08-05-18,163,168,161,165,3.7,4522
LBBL,07-05-18,165,165,161,162,0,2627
LBBL,06-05-18,166,166,161,162,-2.41,6495
LBBL,03-05-18,168,169,163,166,0.61,14658
LBBL,02-05-18,162,165,158,165,1.85,13700
LBBL,29-04-18,157,169,157,162,1.89,2949
LBBL,26-04-18,162,170,159,161,-3.05,13880
LBBL,25-04-18,167,172,164,164,-2.96,17030
LBBL,24-04-18,175,175,166,170,-3.43,21632
LBBL,23-04-18,182,182,172,175,-2.23,31437
LBBL,22-04-18,172,184,175,179,4.07,45159
LBBL,19-04-18,172,176,163,172,1.78,63199
LBBL,18-04-18,159,172,155,169,7.64,26218
LBBL,17-04-18,152,164,152,157,3.29,12129
LBBL,16-04-18,153,157,147,153,1.33,17726
LBBL,15-04-18,155,153,150,150,-3.23,17332
LBBL,12-04-18,152,158,152,155,0.65,9356
LBBL,11-04-18,151,155,151,154,0,1692
LBBL,10-04-18,151,159,150,154,0.65,9646
LBBL,09-04-18,163,164,153,155,-4.37,10655
LBBL,08-04-18,157,168,154,160,0.63,31289
LBBL,05-04-18,153,159,153,159,1.92,16619
LBBL,04-04-18,147,156,145,156,5.41,12549
LBBL,03-04-18,147,148,145,148,2.07,546
LBBL,02-04-18,143,149,141,145,0,23224
LBBL,01-04-18,145,146,142,145,-0.68,3052
LBBL,29-03-18,145,151,143,146,0.69,4120
LBBL,28-03-18,144,148,141,145,2.11,3669
LBBL,27-03-18,141,142,136,142,-0.7,7877
LBBL,26-03-18,148,148,143,143,-4.67,6980
LBBL,22-03-18,150,151,145,150,-1.32,9036
LBBL,21-03-18,152,154,150,152,-0.65,3257
LBBL,20-03-18,152,153,151,152,-0.65,2035
LBBL,19-03-18,152,155,152,154,0,2105
LBBL,18-03-18,156,156,154,155,-1.28,2832
LBBL,15-03-18,156,160,156,156,-0.64,4977
LBBL,14-03-18,156,157,155,157,0,1121
LBBL,13-03-18,153,157,152,157,1.29,6126
LBBL,12-03-18,154,157,151,155,0.65,3050
LBBL,11-03-18,160,159,154,154,-3.75,2589
LBBL,07-03-18,155,160,154,160,1.91,18974
LBBL,06-03-18,151,158,150,157,2.61,10028
LBBL,04-03-18,158,158,151,155,-5,16992
LBBL,28-02-18,165,165,159,161,-2.44,15009
LBBL,27-02-18,164,167,162,164,0.61,13562
LBBL,26-02-18,163,164,162,163,0.62,4530
LBBL,25-02-18,164,165,162,162,-1.22,8078
LBBL,22-02-18,162,168,162,164,0.61,3348
LBBL,21-02-18,164,165,163,163,-1.81,1196
LBBL,20-02-18,169,169,165,166,-1.78,5198
LBBL,18-02-18,174,175,168,169,-2.87,18244
LBBL,15-02-18,167,174,165,174,6.1,5899
LBBL,14-02-18,164,165,164,164,-0.61,4348
LBBL,12-02-18,164,166,164,165,1.23,3732
LBBL,11-02-18,164,164,162,163,-0.61,4672
LBBL,08-02-18,166,166,163,164,-1.2,2856
LBBL,07-02-18,165,166,163,166,0.61,282
LBBL,06-02-18,164,167,164,165,0.61,1335
LBBL,05-02-18,165,167,164,164,-1.8,6928
LBBL,04-02-18,168,168,166,167,1.21,6578
LBBL,01-02-18,165,168,164,165,0.61,12941
LBBL,31-01-18,169,169,164,164,-2.96,14565
LBBL,29-01-18,174,174,167,169,-1.17,5062
LBBL,28-01-18,173,173,169,171,0.59,4434
LBBL,25-01-18,170,172,169,170,0,15458
LBBL,24-01-18,166,170,166,170,3.03,11524
LBBL,23-01-18,165,167,164,165,1.85,5260
LBBL,22-01-18,160,163,160,162,0.62,3074
LBBL,21-01-18,166,166,161,161,-1.23,2149
LBBL,17-01-18,164,164,161,163,1.24,1966
LBBL,16-01-18,164,170,161,161,-3.59,2420
LBBL,14-01-18,164,167,164,167,0,104
LBBL,10-01-18,165,170,165,167,0,1976
LBBL,09-01-18,169,172,165,167,-1.18,2487
LBBL,08-01-18,170,170,163,169,1.2,4945
LBBL,07-01-18,167,170,164,167,0,5109
LBBL,04-01-18,174,178,174,174,-1.14,9933
LBBL,03-01-18,180,180,175,177,-2.22,3272
LBBL,02-01-18,180,181,178,180,0,1545
LBBL,01-01-18,176,180,173,180,4.05,6800
LBBL,31-12-17,177,177,172,173,-2.26,15182
LBBL,28-12-17,177,180,173,177,-1.12,7644
LBBL,27-12-17,181,183,179,179,-1.65,5953
LBBL,26-12-17,193,193,181,182,-4.21,4380
LBBL,24-12-17,186,191,186,190,1.06,374
LBBL,21-12-17,190,191,188,189,-2.59,4993
LBBL,20-12-17,190,193,189,193,1.05,6611
LBBL,19-12-17,193,193,191,191,-0.52,15143
LBBL,18-12-17,191,194,191,193,-0.52,3340
LBBL,17-12-17,196,196,193,193,-1.03,2095
LBBL,14-12-17,193,196,193,194,-1.02,1494
LBBL,13-12-17,191,196,191,196,1.03,5626
LBBL,12-12-17,199,199,192,194,-1.52,3344
LBBL,11-12-17,196,197,196,197,-0.51,1701
LBBL,10-12-17,201,201,198,198,0,1200
LBBL,06-12-17,202,202,197,198,-0.5,4100
LBBL,05-12-17,201,202,196,199,0.51,1379
LBBL,04-12-17,196,201,193,198,0,3953
LBBL,30-11-17,197,202,196,198,-0.5,3596
LBBL,29-11-17,194,204,194,199,1.53,23541
LBBL,28-11-17,197,198,196,196,-2.49,3580
LBBL,27-11-17,202,202,195,201,1,5642
LBBL,26-11-17,198,202,197,199,0.51,3732
LBBL,23-11-17,198,198,195,198,0,1328
LBBL,22-11-17,198,198,195,198,-1.49,3874
LBBL,21-11-17,192,201,192,201,3.61,1224
LBBL,20-11-17,198,198,194,195,-1.52,1521
LBBL,19-11-17,197,198,195,197,0,6632
LBBL,16-11-17,198,199,197,197,-1.99,3546
LBBL,15-11-17,196,204,196,201,0.5,14949
LBBL,14-11-17,199,208,198,200,0,10261
LBBL,13-11-17,203,203,199,200,-0.5,3826
LBBL,12-11-17,198,202,198,201,1.52,3067
LBBL,09-11-17,198,202,197,199,0.51,3502
LBBL,08-11-17,197,199,196,198,-1.99,3530
LBBL,07-11-17,204,205,200,201,0,8564
LBBL,06-11-17,205,205,196,201,-1.95,19787
LBBL,05-11-17,206,206,203,205,-2.38,11688
LBBL,02-11-17,207,210,205,210,1.94,4795
LBBL,01-11-17,209,210,206,206,-2.83,12386
LBBL,31-10-17,209,212,208,212,1.92,9957
LBBL,30-10-17,211,211,207,208,-2.35,16480
LBBL,29-10-17,211,213,208,212,0.47,11218
LBBL,25-10-17,211,214,211,212,-0.93,6070
LBBL,24-10-17,214,218,211,214,0,5290
LBBL,23-10-17,216,219,213,214,-0.93,7241
LBBL,22-10-17,216,220,214,218,-0.92,4072
LBBL,18-10-17,214,218,213,218,1.4,5821
LBBL,17-10-17,218,218,210,215,-0.92,21769
LBBL,16-10-17,214,218,206,216,2.36,16004
LBBL,15-10-17,210,212,207,212,1.92,4951
LBBL,12-10-17,206,209,206,208,0,2985
LBBL,11-10-17,213,213,208,208,-0.48,8138
LBBL,10-10-17,202,209,202,208,1.95,4627
LBBL,09-10-17,201,208,200,205,0.49,8312
LBBL,08-10-17,207,207,200,204,-1.92,9664
LBBL,04-10-17,209,213,208,209,-2.35,2312
LBBL,03-10-17,216,217,213,213,0.47,909
LBBL,26-09-17,210,215,210,212,0,2972
LBBL,25-09-17,208,214,208,212,2.41,2424
LBBL,24-09-17,214,214,206,207,-2.36,10056
LBBL,20-09-17,208,212,206,210,1.44,7323
LBBL,18-09-17,210,211,206,209,0.48,7145
LBBL,17-09-17,210,211,207,208,0,6024
LBBL,14-09-17,204,208,201,208,4,3899
LBBL,13-09-17,201,205,200,201,-0.5,7189
LBBL,12-09-17,202,202,199,201,-0.99,5710
LBBL,11-09-17,203,206,200,203,-0.49,6218
LBBL,10-09-17,208,208,203,204,-2.39,17434
LBBL,07-09-17,207,211,206,209,-0.48,6117
LBBL,06-09-17,211,215,207,210,0.96,8627
LBBL,04-09-17,209,213,206,208,-1.42,15033
LBBL,31-08-17,212,215,210,211,-0.47,4932
LBBL,30-08-17,214,215,212,212,-1.85,6034
LBBL,28-08-17,220,220,214,216,0,11794
LBBL,27-08-17,217,221,215,216,-0.46,8827
LBBL,24-08-17,217,218,215,217,0,8635
LBBL,23-08-17,217,220,213,217,0.46,12790
LBBL,22-08-17,217,221,215,217,-0.46,4885
LBBL,21-08-17,217,220,214,217,-0.46,6370
LBBL,20-08-17,222,223,215,218,-1.8,6669
LBBL,17-08-17,213,223,213,223,3.26,12938
LBBL,16-08-17,223,224,213,215,-1.83,31194
LBBL,15-08-17,218,222,215,219,-1.35,13441
LBBL,13-08-17,225,225,217,222,-1.77,19656
LBBL,10-08-17,225,228,224,226,-0.88,13085
LBBL,09-08-17,227,238,224,228,0.44,58843
LBBL,07-08-17,218,228,216,227,6.07,67466
LBBL,06-08-17,211,219,211,214,-0.47,25258
LBBL,03-08-17,220,224,215,215,-2.27,20630
LBBL,02-08-17,220,224,215,220,0,20920
LBBL,01-08-17,215,226,215,220,1.38,26324
LBBL,31-07-17,220,230,213,217,-1.36,24722
LBBL,30-07-17,226,242,219,220,-0.9,102185
LBBL,27-07-17,206,222,206,222,9.9,30929
LBBL,26-07-17,187,202,187,202,9.78,70
LBBL,25-07-17,171,184,171,184,9.52,60
