"Symbol","Date","Open","High","Low","Close","Percent Change","Volume"
"LBBL","2017-07-25","171","184","171","184","9.52","60"
"LBBL","2017-07-26","187","202","187","202","9.78","70"
"LBBL","2017-07-27","206","222","206","222","9.90","30929"
"LBBL","2017-07-30","226","242","219","220","-0.90","102185"
"LBBL","2017-07-31","220","230","213","217","-1.36","24722"
"LBBL","2017-08-01","215","226","215","220","1.38","26324"
"LBBL","2017-08-02","220","224","215","220","0.00","20920"
"LBBL","2017-08-03","220","224","215","215","-2.27","20630"
"LBBL","2017-08-06","211","219","211","214","-0.47","25258"
"LBBL","2017-08-07","218","228","216","227","6.07","67466"
"LBBL","2017-08-09","227","238","224","228","0.44","58843"
"LBBL","2017-08-10","225","228","224","226","-0.88","13085"
"LBBL","2017-08-13","225","225","217","222","-1.77","19656"
"LBBL","2017-08-15","218","222","215","219","-1.35","13441"
"LBBL","2017-08-16","223","224","213","215","-1.83","31194"
"LBBL","2017-08-17","213","223","213","223","3.26","12938"
"LBBL","2017-08-20","222","223","215","218","-1.80","6669"
"LBBL","2017-08-21","217","220","214","217","-0.46","6370"
"LBBL","2017-08-22","217","221","215","217","-0.46","4885"
"LBBL","2017-08-23","217","220","213","217","0.46","12790"
"LBBL","2017-08-24","217","218","215","217","0.00","8635"
"LBBL","2017-08-27","217","221","215","216","-0.46","8827"
"LBBL","2017-08-28","220","220","214","216","0.00","11794"
"LBBL","2017-08-30","214","215","212","212","-1.85","6034"
"LBBL","2017-08-31","212","215","210","211","-0.47","4932"
"LBBL","2017-09-04","209","213","206","208","-1.42","15033"
"LBBL","2017-09-06","211","215","207","210","0.96","8627"
"LBBL","2017-09-07","207","211","206","209","-0.48","6117"
"LBBL","2017-09-10","208","208","203","204","-2.39","17434"
"LBBL","2017-09-11","203","206","200","203","-0.49","6218"
"LBBL","2017-09-12","202","202","199","201","-0.99","5710"
"LBBL","2017-09-13","201","205","200","201","-0.50","7189"
"LBBL","2017-09-14","204","208","201","208","4.00","3899"
"LBBL","2017-09-17","210","211","207","208","0.00","6024"
"LBBL","2017-09-18","210","211","206","209","0.48","7145"
"LBBL","2017-09-20","208","212","206","210","1.44","7323"
"LBBL","2017-09-24","214","214","206","207","-2.36","10056"
"LBBL","2017-09-25","208","214","208","212","2.41","2424"
"LBBL","2017-09-26","210","215","210","212","0.00","2972"
"LBBL","2017-10-03","216","217","213","213","0.47","909"
"LBBL","2017-10-04","209","213","208","209","-2.35","2312"
"LBBL","2017-10-08","207","207","200","204","-1.92","9664"
"LBBL","2017-10-09","201","208","200","205","0.49","8312"
"LBBL","2017-10-10","202","209","202","208","1.95","4627"
"LBBL","2017-10-11","213","213","208","208","-0.48","8138"
"LBBL","2017-10-12","206","209","206","208","0.00","2985"
"LBBL","2017-10-15","210","212","207","212","1.92","4951"
"LBBL","2017-10-16","214","218","206","216","2.36","16004"
"LBBL","2017-10-17","218","218","210","215","-0.92","21769"
"LBBL","2017-10-18","214","218","213","218","1.40","5821"
"LBBL","2017-10-22","216","220","214","218","-0.92","4072"
"LBBL","2017-10-23","216","219","213","214","-0.93","7241"
"LBBL","2017-10-24","214","218","211","214","0.00","5290"
"LBBL","2017-10-25","211","214","211","212","-0.93","6070"
"LBBL","2017-10-29","211","213","208","212","0.47","11218"
"LBBL","2017-10-30","211","211","207","208","-2.35","16480"
"LBBL","2017-10-31","209","212","208","212","1.92","9957"
"LBBL","2017-11-01","209","210","206","206","-2.83","12386"
"LBBL","2017-11-02","207","210","205","210","1.94","4795"
"LBBL","2017-11-05","206","206","203","205","-2.38","11688"
"LBBL","2017-11-06","205","205","196","201","-1.95","19787"
"LBBL","2017-11-07","204","205","200","201","0.00","8564"
"LBBL","2017-11-08","197","199","196","198","-1.99","3530"
"LBBL","2017-11-09","198","202","197","199","0.51","3502"
"LBBL","2017-11-12","198","202","198","201","1.52","3067"
"LBBL","2017-11-13","203","203","199","200","-0.50","3826"
"LBBL","2017-11-14","199","208","198","200","0.00","10261"
"LBBL","2017-11-15","196","204","196","201","0.50","14949"
"LBBL","2017-11-16","198","199","197","197","-1.99","3546"
"LBBL","2017-11-19","197","198","195","197","0.00","6632"
"LBBL","2017-11-20","198","198","194","195","-1.52","1521"
"LBBL","2017-11-21","192","201","192","201","3.61","1224"
"LBBL","2017-11-22","198","198","195","198","-1.49","3874"
"LBBL","2017-11-23","198","198","195","198","0.00","1328"
"LBBL","2017-11-26","198","202","197","199","0.51","3732"
"LBBL","2017-11-27","202","202","195","201","1.00","5642"
"LBBL","2017-11-28","197","198","196","196","-2.49","3580"
"LBBL","2017-11-29","194","204","194","199","1.53","23541"
"LBBL","2017-11-30","197","202","196","198","-0.50","3596"
"LBBL","2017-12-04","196","201","193","198","0.00","3953"
"LBBL","2017-12-05","201","202","196","199","0.51","1379"
"LBBL","2017-12-06","202","202","197","198","-0.50","4100"
"LBBL","2017-12-10","201","201","198","198","0.00","1200"
"LBBL","2017-12-11","196","197","196","197","-0.51","1701"
"LBBL","2017-12-12","199","199","192","194","-1.52","3344"
"LBBL","2017-12-13","191","196","191","196","1.03","5626"
"LBBL","2017-12-14","193","196","193","194","-1.02","1494"
"LBBL","2017-12-17","196","196","193","193","-1.03","2095"
"LBBL","2017-12-18","191","194","191","193","-0.52","3340"
"LBBL","2017-12-19","193","193","191","191","-0.52","15143"
"LBBL","2017-12-20","190","193","189","193","1.05","6611"
"LBBL","2017-12-21","190","191","188","189","-2.59","4993"
"LBBL","2017-12-24","186","191","186","190","1.06","374"
"LBBL","2017-12-26","193","193","181","182","-4.21","4380"
"LBBL","2017-12-27","181","183","179","179","-1.65","5953"
"LBBL","2017-12-28","177","180","173","177","-1.12","7644"
"LBBL","2017-12-31","177","177","172","173","-2.26","15182"
"LBBL","2018-01-01","176","180","173","180","4.05","6800"
"LBBL","2018-01-02","180","181","178","180","0.00","1545"
"LBBL","2018-01-03","180","180","175","177","-2.22","3272"
"LBBL","2018-01-04","174","178","174","174","-1.14","9933"
"LBBL","2018-01-07","167","170","164","167","0.00","5109"
"LBBL","2018-01-08","170","170","163","169","1.20","4945"
"LBBL","2018-01-09","169","172","165","167","-1.18","2487"
"LBBL","2018-01-10","165","170","165","167","0.00","1976"
"LBBL","2018-01-14","164","167","164","167","0.00","104"
"LBBL","2018-01-16","164","170","161","161","-3.59","2420"
"LBBL","2018-01-17","164","164","161","163","1.24","1966"
"LBBL","2018-01-21","166","166","161","161","-1.23","2149"
"LBBL","2018-01-22","160","163","160","162","0.62","3074"
"LBBL","2018-01-23","165","167","164","165","1.85","5260"
"LBBL","2018-01-24","166","170","166","170","3.03","11524"
"LBBL","2018-01-25","170","172","169","170","0.00","15458"
"LBBL","2018-01-28","173","173","169","171","0.59","4434"
"LBBL","2018-01-29","174","174","167","169","-1.17","5062"
"LBBL","2018-01-31","169","169","164","164","-2.96","14565"
"LBBL","2018-02-01","165","168","164","165","0.61","12941"
"LBBL","2018-02-04","168","168","166","167","1.21","6578"
"LBBL","2018-02-05","165","167","164","164","-1.80","6928"
"LBBL","2018-02-06","164","167","164","165","0.61","1335"
"LBBL","2018-02-07","165","166","163","166","0.61","282"
"LBBL","2018-02-08","166","166","163","164","-1.20","2856"
"LBBL","2018-02-11","164","164","162","163","-0.61","4672"
"LBBL","2018-02-12","164","166","164","165","1.23","3732"
"LBBL","2018-02-14","164","165","164","164","-0.61","4348"
"LBBL","2018-02-15","167","174","165","174","6.10","5899"
"LBBL","2018-02-18","174","175","168","169","-2.87","18244"
"LBBL","2018-02-20","169","169","165","166","-1.78","5198"
"LBBL","2018-02-21","164","165","163","163","-1.81","1196"
"LBBL","2018-02-22","162","168","162","164","0.61","3348"
"LBBL","2018-02-25","164","165","162","162","-1.22","8078"
"LBBL","2018-02-26","163","164","162","163","0.62","4530"
"LBBL","2018-02-27","164","167","162","164","0.61","13562"
"LBBL","2018-02-28","165","165","159","161","-2.44","15009"
"LBBL","2018-03-04","158","158","151","155","-5.00","16992"
"LBBL","2018-03-06","151","158","150","157","2.61","10028"
"LBBL","2018-03-07","155","160","154","160","1.91","18974"
"LBBL","2018-03-11","160","159","154","154","-3.75","2589"
"LBBL","2018-03-12","154","157","151","155","0.65","3050"
"LBBL","2018-03-13","153","157","152","157","1.29","6126"
"LBBL","2018-03-14","156","157","155","157","0.00","1121"
"LBBL","2018-03-15","156","160","156","156","-0.64","4977"
"LBBL","2018-03-18","156","156","154","155","-1.28","2832"
"LBBL","2018-03-19","152","155","152","154","0.00","2105"
"LBBL","2018-03-20","152","153","151","152","-0.65","2035"
"LBBL","2018-03-21","152","154","150","152","-0.65","3257"
"LBBL","2018-03-22","150","151","145","150","-1.32","9036"
"LBBL","2018-03-26","148","148","143","143","-4.67","6980"
"LBBL","2018-03-27","141","142","136","142","-0.70","7877"
"LBBL","2018-03-28","144","148","141","145","2.11","3669"
"LBBL","2018-03-29","145","151","143","146","0.69","4120"
"LBBL","2018-04-01","145","146","142","145","-0.68","3052"
"LBBL","2018-04-02","143","149","141","145","0.00","23224"
"LBBL","2018-04-03","147","148","145","148","2.07","546"
"LBBL","2018-04-04","147","156","145","156","5.41","12549"
"LBBL","2018-04-05","153","159","153","159","1.92","16619"
"LBBL","2018-04-08","157","168","154","160","0.63","31289"
"LBBL","2018-04-09","163","164","153","155","-4.37","10655"
"LBBL","2018-04-10","151","159","150","154","0.65","9646"
"LBBL","2018-04-11","151","155","151","154","0.00","1692"
"LBBL","2018-04-12","152","158","152","155","0.65","9356"
"LBBL","2018-04-15","155","153","150","150","-3.23","17332"
"LBBL","2018-04-16","153","157","147","153","1.33","17726"
"LBBL","2018-04-17","152","164","152","157","3.29","12129"
"LBBL","2018-04-18","159","172","155","169","7.64","26218"
"LBBL","2018-04-19","172","176","163","172","1.78","63199"
"LBBL","2018-04-22","172","184","175","179","4.07","45159"
"LBBL","2018-04-23","182","182","172","175","-2.23","31437"
"LBBL","2018-04-24","175","175","166","170","-3.43","21632"
"LBBL","2018-04-25","167","172","164","164","-2.96","17030"
"LBBL","2018-04-26","162","170","159","161","-3.05","13880"
"LBBL","2018-04-29","157","169","157","162","1.89","2949"
"LBBL","2018-05-02","162","165","158","165","1.85","13700"
"LBBL","2018-05-03","168","169","163","166","0.61","14658"
"LBBL","2018-05-06","166","166","161","162","-2.41","6495"
"LBBL","2018-05-07","165","165","161","162","0.00","2627"
"LBBL","2018-05-08","163","168","161","165","3.70","4522"
"LBBL","2018-05-09","168","170","163","163","-2.98","3238"
"LBBL","2018-05-10","163","169","160","163","0.00","3451"
"LBBL","2018-05-14","160","164","160","162","-0.61","1275"
"LBBL","2018-05-15","160","160","160","160","-1.23","32"
"LBBL","2018-05-16","160","161","160","161","0.62","1298"
"LBBL","2018-05-17","164","164","161","161","0.00","2118"
"LBBL","2018-05-20","164","166","160","163","1.24","11006"
"LBBL","2018-05-21","160","160","157","160","-1.84","7517"
"LBBL","2018-05-22","163","163","158","158","-1.25","7345"
"LBBL","2018-05-23","158","159","156","159","0.63","1917"
"LBBL","2018-05-24","159","162","157","157","-1.26","2112"
"LBBL","2018-05-27","154","158","154","155","-1.27","5221"
"LBBL","2018-05-28","155","161","153","160","3.23","5114"
"LBBL","2018-05-29","160","160","156","159","-1.87","5059"
"LBBL","2018-05-30","155","160","155","158","0.64","2480"
"LBBL","2018-05-31","155","158","155","158","0.00","2088"
"LBBL","2018-06-03","155","158","153","153","-3.16","4349"
"LBBL","2018-06-04","152","152","149","150","-1.96","2524"
"LBBL","2018-06-06","153","153","151","151","0.67","1320"
"LBBL","2018-06-07","151","152","149","151","-0.67","14447"
"LBBL","2018-06-10","149","151","149","150","0.67","8292"
"LBBL","2018-06-11","147","150","147","150","0.00","1266"
"LBBL","2018-06-12","150","152","150","150","0.00","1800"
"LBBL","2018-06-13","147","152","147","150","0.00","5165"
"LBBL","2018-06-14","151","152","149","150","0.00","12572"
"LBBL","2018-06-17","152","152","148","148","-1.33","1667"
"LBBL","2018-06-18","148","148","146","148","0.00","1524"
"LBBL","2018-06-19","147","148","146","146","-1.35","4221"
"LBBL","2018-06-20","145","147","145","147","0.68","1877"
"LBBL","2018-06-21","146","146","146","146","-0.68","1105"
"LBBL","2018-06-24","147","149","147","148","1.37","1284"
"LBBL","2018-06-25","146","146","145","146","-2.03","5316"
"LBBL","2018-06-26","145","145","142","144","-0.69","9886"
"LBBL","2018-06-27","144","148","144","144","0.00","2458"
"LBBL","2018-06-28","144","144","143","143","-0.69","580"
"LBBL","2018-07-01","150","156","150","155","4.73","38609"
"LBBL","2018-07-02","142","146","140","143","0.00","5420"
"LBBL","2018-07-03","141","145","141","145","2.11","1984"
"LBBL","2018-07-04","143","147","143","147","1.38","2422"
"LBBL","2018-07-05","149","151","145","151","2.72","8352"
"LBBL","2018-07-08","150","152","147","148","-2.65","3736"
"LBBL","2018-07-09","145","146","145","145","-1.36","200"
"LBBL","2018-07-10","145","149","145","145","0.00","9048"
"LBBL","2018-07-11","147","149","146","146","0.69","2875"
"LBBL","2018-07-12","146","146","144","145","-0.68","7635"
"LBBL","2018-07-15","147","147","143","143","-1.38","128"
"LBBL","2018-07-16","145","147","145","146","2.10","612"
"LBBL","2018-07-17","148","148","147","148","1.37","1809"
"LBBL","2018-07-18","149","149","143","144","-2.70","3641"
"LBBL","2018-07-19","146","149","146","147","2.08","814"
"LBBL","2018-07-22","146","148","146","148","0.68","424"
"LBBL","2018-07-23","146","148","144","148","0.00","6140"
"LBBL","2018-07-24","150","150","147","147","-0.68","3536"
"LBBL","2018-07-25","145","146","143","144","-2.04","13012"
"LBBL","2018-07-26","144","146","143","144","0.00","4099"
"LBBL","2018-07-29","144","146","143","145","0.69","3722"
"LBBL","2018-07-30","145","145","143","143","-1.38","18567"
"LBBL","2018-07-31","145","151","143","148","3.50","42426"
"LBBL","2018-08-01","150","156","150","155","4.73","38609"
"LBBL","2018-08-02","155","155","153","155","0.00","10749"
"LBBL","2018-08-05","153","156","153","155","0.00","7466"
"LBBL","2018-08-06","157","157","154","154","-0.65","5058"
"LBBL","2018-08-07","155","155","152","154","0.00","9934"
"LBBL","2018-08-08","155","155","153","153","-0.65","3189"
"LBBL","2018-08-09","155","155","152","153","0.00","6050"
"LBBL","2018-08-12","151","151","147","150","-1.96","24432"
"LBBL","2018-08-13","153","154","152","153","2.67","1808"
"LBBL","2018-08-14","152","155","152","155","0.65","5114"
"LBBL","2018-08-15","156","161","153","161","3.87","9731"
"LBBL","2018-08-16","158","160","157","158","-1.86","15204"
"LBBL","2018-08-19","155","155","149","151","-4.43","39258"
"LBBL","2018-08-20","152","152","146","150","-0.66","19716"
"LBBL","2018-08-21","150","150","147","147","-2.00","5329"
"LBBL","2018-08-22","146","151","145","149","1.36","8880"
"LBBL","2018-08-23","148","150","147","150","0.67","7046"
"LBBL","2018-08-26","150","150","148","150","0.00","523"
"LBBL","2018-08-28","147","149","147","149","-0.67","4085"
"LBBL","2018-08-29","147","149","147","147","-1.34","10100"
"LBBL","2018-08-30","149","150","148","149","1.36","4106"
"LBBL","2018-09-02","147","150","147","148","-0.67","5151"
"LBBL","2018-09-03","150","154","149","149","0.68","3473"
"LBBL","2018-09-04","150","157","150","157","5.37","37962"
"LBBL","2018-09-05","160","160","153","156","-0.64","31125"
"LBBL","2018-09-06","158","160","155","155","-0.64","16460"
"LBBL","2018-09-09","155","157","153","153","-1.92","11745"
"LBBL","2018-09-10","151","156","151","154","0.65","14580"
"LBBL","2018-09-11","155","157","153","153","-0.65","11286"
"LBBL","2018-09-12","153","158","153","155","1.31","9521"
"LBBL","2018-09-13","156","158","155","155","0.00","15565"
"LBBL","2018-09-16","158","159","155","156","0.65","28539"
"LBBL","2018-09-17","157","161","157","157","0.64","28123"
"LBBL","2018-09-18","158","162","156","161","2.55","41432"
"LBBL","2018-09-20","161","163","159","162","0.62","24048"
"LBBL","2018-09-23","163","168","159","166","2.47","28800"
"LBBL","2018-09-25","165","170","165","168","1.20","30703"
"LBBL","2018-09-26","169","172","164","167","-0.60","29209"
"LBBL","2018-09-27","164","169","164","166","-0.60","14404"
"LBBL","2018-09-30","166","166","163","163","-1.81","7561"
"LBBL","2018-10-01","160","162","160","161","-1.23","11321"
"LBBL","2018-10-02","162","162","159","160","-0.62","7872"
"LBBL","2018-10-03","162","163","157","159","-0.62","16993"
"LBBL","2018-10-04","158","161","157","161","1.26","4092"
"LBBL","2018-10-07","158","161","155","155","-3.73","47331"
"LBBL","2018-10-08","158","161","157","161","3.87","6021"
"LBBL","2018-10-09","161","165","160","163","1.24","27686"
"LBBL","2018-10-10","163","163","161","162","0.00","1774"
"LBBL","2018-10-11","163","166","160","164","0.61","3721"
"LBBL","2018-10-14","165","168","165","168","2.44","15794"
"LBBL","2018-10-15","166","167","163","163","-2.98","13764"
"LBBL","2018-10-21","165","166","163","163","0.00","1055"
"LBBL","2018-10-22","161","166","161","166","1.84","4845"
"LBBL","2018-10-23","168","168","164","166","0.60","3300"
"LBBL","2018-10-24","165","168","164","168","0.60","10195"
"LBBL","2018-10-25","165","165","164","165","-2.38","3664"
"LBBL","2018-10-28","161","164","161","163","-0.61","3881"
"LBBL","2018-10-29","163","163","159","159","-2.45","12135"
"LBBL","2018-10-30","162","166","161","161","3.14","10840"
"LBBL","2018-10-31","162","165","160","162","-1.22","6202"
"LBBL","2018-11-01","165","167","164","164","1.23","8443"
"LBBL","2018-11-04","163","166","160","163","-0.61","31810"
"LBBL","2018-11-05","166","168","165","168","3.07","6167"
"LBBL","2018-11-14","168","170","166","168","0.00","19711"
"LBBL","2018-11-15","168","170","167","167","-0.60","18850"
"LBBL","2018-11-18","167","168","164","166","-0.60","3641"
"LBBL","2018-11-19","165","166","162","164","-0.61","9343"
"LBBL","2018-11-20","164","166","164","165","0.61","11255"
"LBBL","2018-11-21","165","168","164","165","0.00","3025"
"LBBL","2018-11-22","165","167","162","165","0.00","5322"
"LBBL","2018-11-25","165","165","161","161","-2.42","7232"
"LBBL","2018-11-26","161.64","163","160","163","0.84","10364"
"LBBL","2018-11-27","163","166","160","166","1.84","3581"
"LBBL","2018-11-28","166","166","162","163","-1.81","5215"
"LBBL","2018-11-29","163","165","161","161","-1.23","6816"
"LBBL","2018-12-02","161","162","158","160","-0.62","8085"
"LBBL","2018-12-03","160","162","158","160","0.00","16377"
"LBBL","2018-12-04","160","161","157","158","-1.25","12112"
"LBBL","2018-12-06","157","160","155","159","1.27","1998"
"LBBL","2018-12-09","159","161","156","160","0.63","3406"
"LBBL","2018-12-10","160","162","160","161","0.62","6621"
"LBBL","2018-12-11","161","162","159","160","-0.62","5816"
"LBBL","2018-12-12","160","162","160","160","0.00","687"
"LBBL","2018-12-13","160","162","160","161","0.62","4886"
"LBBL","2018-12-16","161","164","160","162","0.62","4018"
"LBBL","2018-12-17","162","164","162","163","0.62","865"
"LBBL","2018-12-18","163","163","161","161","-1.23","7554"
"LBBL","2018-12-19","161","163","159","163","1.24","4525"
"LBBL","2018-12-20","163","164","162","163","0.00","4669"
"LBBL","2018-12-23","163","179","163","179","9.82","127604"
"LBBL","2018-12-24","179","184","176","176","-1.68","51124"
"LBBL","2018-12-25","176","179","174","175","-0.57","9926"
"LBBL","2018-12-26","175","181","174","176","0.57","25995"
"LBBL","2018-12-27","176","182","173","174","-1.14","41725"
"LBBL","2018-12-30","174","178","173","175","0.57","17352"
"LBBL","2018-12-31","175","175","171","172","-1.71","24768"
"LBBL","2019-01-01","172","173","170","171","-0.58","33427"
"LBBL","2019-01-02","171","172","171","171","0.00","7701"
"LBBL","2019-01-03","171","172","170","172","0.58","4918"
"LBBL","2019-01-06","172","172","169","169","-1.74","22869"
"LBBL","2019-01-07","169","172","169","171","1.18","1415"
"LBBL","2019-01-08","171","172","169","172","0.58","8433"
"LBBL","2019-01-09","172","173","171","171","-0.58","4414"
"LBBL","2019-01-10","171","174","171","171","0.00","7238"
"LBBL","2019-01-13","171","174","171","171","0.00","4276"
"LBBL","2019-01-14","171","171","170","171","0.00","4013"
"LBBL","2019-01-15","171","174","170","171","0.00","12333"
"LBBL","2019-01-16","171","173","170","171","0.00","6277"
"LBBL","2019-01-17","171","172","170","171","0.00","8324"
"LBBL","2019-01-20","171","173","171","173","1.17","5218"
"LBBL","2019-01-21","173","171","170","170","-1.73","12717"
"LBBL","2019-01-22","170","172","170","171","0.59","2636"
"LBBL","2019-01-23","171","177","171","177","3.51","37179"
"LBBL","2019-01-24","177","178","174","174","-1.69","16481"
"LBBL","2019-01-27","174","177","174","175","0.57","11658"
"LBBL","2019-01-28","175","177","174","176","0.57","5052"
"LBBL","2019-01-29","176","177","175","176","0.00","10501"
"LBBL","2019-01-30","176","176","173","173","-1.70","14453"
"LBBL","2019-01-31","173","176","173","174","0.58","10952"
"LBBL","2019-02-03","174","174","172","174","0.00","4584"
"LBBL","2019-02-04","173","174","172","173","-0.57","2175"
"LBBL","2019-02-05","173","174","173","173","0.00","1540"
"LBBL","2019-02-06","174","175","173","173","0.00","4880"
"LBBL","2019-02-07","171","174","171","174","0.58","5317"
"LBBL","2019-02-10","173","174","171","172","-1.15","8603"
"LBBL","2019-02-11","171","174","171","174","1.16","6202"
"LBBL","2019-02-12","173","174","172","173","-0.57","5480"
"LBBL","2019-02-13","172","173","171","172","-0.58","5322"
"LBBL","2019-02-14","170","172","170","171","-0.58","11771"
"LBBL","2019-02-17","173","173","170","171","0.00","7424"
"LBBL","2019-02-18","171","172","170","171","0.00","3911"
"LBBL","2019-02-19","169","175","169","175","2.34","3999"
"LBBL","2019-02-20","172","175","170","171","-2.29","1234"
"LBBL","2019-02-21","171","173","171","171","0.00","1030"
"LBBL","2019-02-24","171","172","170","172","0.58","3012"
"LBBL","2019-02-25","169","172","170","172","0.00","6743"
"LBBL","2019-02-26","169","172","169","172","0.00","3231"
"LBBL","2019-02-27","170","172","169","169","-1.74","33511"
"LBBL","2019-03-03","166","171","168","171","1.18","6493"
"LBBL","2019-03-05","169","172","169","170","-0.58","7152"
"LBBL","2019-03-06","173","173","170","171","0.59","8064"
"LBBL","2019-03-07","172","173","171","173","1.17","3673"
"LBBL","2019-03-09","173","173","170","172","-0.58","12092"
"LBBL","2019-03-10","173","173","170","172","-0.58","12092"
"LBBL","2019-03-11","172","174","172","173","0.58","6224"
"LBBL","2019-03-12","175","175","173","174","0.58","11788"
"LBBL","2019-03-13","176","176","173","173","-0.57","10679"
"LBBL","2019-03-14","173","173","170","173","1.76","13320"
"LBBL","2019-03-17","175","175","172","173","0.00","21666"
"LBBL","2019-03-18","171","173","171","172","-0.58","1398"
"LBBL","2019-03-19","172","172","172","172","0.00","104"
"LBBL","2019-03-21","171","173","171","171","-0.58","6184"
"LBBL","2019-03-24","170","172","169","169","-1.17","4836"
"LBBL","2019-03-25","170","172","170","170","0.59","4452"
"LBBL","2019-03-26","170","171","169","169","-0.59","7701"
"LBBL","2019-03-27","169","171","169","170","0.59","6591"
"LBBL","2019-03-28","170","172","169","169","-0.59","11822"
"LBBL","2019-03-31","169","171","169","170","0.59","32095"
"LBBL","2019-04-01","170","173","170","172","1.18","9610"
"LBBL","2019-04-02","172","173","171","172","0.00","6405"
"LBBL","2019-04-03","173","174","171","171","-0.58","13437"
"LBBL","2019-04-04","171","172","170","170","-0.58","9065"
"LBBL","2019-04-07","171","173","170","173","1.76","11917"
"LBBL","2019-04-08","173","175","171","171","-1.16","17751"
"LBBL","2019-04-09","173","173","170","171","0.00","5306"
"LBBL","2019-04-10","170","174","170","174","1.75","8642"
"LBBL","2019-04-11","173","174","173","174","0.00","895"
"LBBL","2019-04-15","171","174","171","172","-1.15","3280"
"LBBL","2019-04-16","173","175","173","175","1.74","9948"
"LBBL","2019-04-17","175","179","174","176","0.57","18377"
"LBBL","2019-04-18","176","177","174","177","0.57","8590"
"LBBL","2019-04-21","178","180","176","179","1.13","27741"
"LBBL","2019-04-22","181","181","177","179","0.00","27658"
"LBBL","2019-04-23","177","178","175","178","-0.56","5922"
"LBBL","2019-04-24","181","188","181","186","4.49","76474"
"LBBL","2019-04-25","189","197","188","197","5.91","61540"
"LBBL","2019-04-28","200","207","198","203","3.05","73970"
"LBBL","2019-04-29","200","204","196","198","-2.46","55478"
"LBBL","2019-04-30","200","200","195","198","0.00","10684"
"LBBL","2019-05-02","195","199","195","199","0.51","21633"
"LBBL","2019-05-05","196","199","192","194","-2.51","32573"
"LBBL","2019-05-06","193","196","190","195","0.52","13808"
"LBBL","2019-05-07","197","198","194","195","0.00","9518"
"LBBL","2019-05-08","195","195","193","195","0.00","14536"
"LBBL","2019-05-09","193","196","193","193","-1.03","4246"
"LBBL","2019-05-12","193","193","190","193","0.00","12302"
"LBBL","2019-05-13","192","192","191","192","-0.52","17111"
"LBBL","2019-05-14","192","197","191","196","2.08","22097"
"LBBL","2019-05-15","199","199","195","197","0.51","26786"
"LBBL","2019-05-16","196","203","196","198","0.51","26953"
"LBBL","2019-05-19","200","212","200","210","6.06","88090"
"LBBL","2019-05-20","214","214","205","205","-2.38","32241"
"LBBL","2019-05-21","206","208","205","206","0.49","23473"
"LBBL","2019-05-22","204","207","204","206","0.00","15373"
"LBBL","2019-05-23","205","206","204","206","0.00","16492"
"LBBL","2019-05-26","206","206","197","201","-2.43","47691"
"LBBL","2019-05-27","198","203","198","200","-0.50","20552"
"LBBL","2019-05-28","200","203","199","203","1.50","33070"
"LBBL","2019-05-29","207","207","198","201","-0.99","20417"
"LBBL","2019-05-30","205","209","202","202","0.50","40843"
"LBBL","2019-06-02","203","203","200","201","-0.50","19285"
"LBBL","2019-06-03","205","205","198","198","-1.49","21050"
"LBBL","2019-06-04","197","200","197","199","0.51","7425"
"LBBL","2019-06-06","198","200","196","198","-0.50","15620"
"LBBL","2019-06-10","198","199","196","198","0.00","9592"
"LBBL","2019-06-11","198","200","196","199","0.51","3837"
"LBBL","2019-06-12","198","198","195","197","-1.01","27670"
"LBBL","2019-06-13","196","201","195","201","2.03","17421"
"LBBL","2019-06-16","201","201","196","197","-1.99","18362"
"LBBL","2019-06-17","195","198","195","198","0.51","20571"
"LBBL","2019-06-18","198","198","197","197","-0.51","5808"
"LBBL","2019-06-19","197","197","196","197","0.00","3142"
"LBBL","2019-06-20","197","199","194","198","0.51","21002"
"LBBL","2019-06-23","201","201","197","198","0.00","5532"
"LBBL","2019-06-24","199","199","196","196","-1.01","9130"
"LBBL","2019-06-25","195","197","195","196","0.00","9084"
"LBBL","2019-06-26","196","199","194","196","0.00","5602"
"LBBL","2019-06-27","197","197","195","195","-0.51","7998"
"LBBL","2019-06-30","195","196","193","193","-1.03","10857"
"LBBL","2019-07-01","193","196","193","194","0.52","7865"
"LBBL","2019-07-02","193","195","193","193","-0.52","5926"
"LBBL","2019-07-03","195","198","193","198","2.59","13736"
"LBBL","2019-07-04","196","197","195","197","-0.51","4047"
"LBBL","2019-07-07","194","195","190","192","-2.54","34831"
"LBBL","2019-07-08","191","191","189","190","-1.04","19667"
"LBBL","2019-07-09","189","191","187","191","0.53","23130"
"LBBL","2019-07-10","190","194","189","194","1.57","9525"
"LBBL","2019-07-11","195","195","193","195","0.52","11385"
"LBBL","2019-07-14","192","197","192","193","-1.03","3287"
"LBBL","2019-07-15","193","194","191","193","0.00","18434"
"LBBL","2019-07-16","202","202","195","197","2.07","9146"
"LBBL","2019-07-17","194","207","194","207","5.08","69904"
"LBBL","2019-07-18","205","208","202","203","-1.93","30195"
"LBBL","2019-07-21","203","209","202","209","2.96","26694"
"LBBL","2019-07-22","212","213","206","208","-0.48","52360"
"LBBL","2019-07-23","210","210","206","208","0.00","37710"
"LBBL","2019-07-24","208","209","207","209","0.48","35957"
"LBBL","2019-07-25","207","208","205","206","-1.44","71573"
"LBBL","2019-07-28","205","206","202","204","-0.97","25263"
"LBBL","2019-07-29","204","207","204","207","1.47","8282"
"LBBL","2019-07-30","211","211","206","206","-0.48","17730"
"LBBL","2019-07-31","210","210","206","207","0.49","7207"
"LBBL","2019-08-01","208","208","204","207","0.00","17075"
"LBBL","2019-08-04","207","210","205","208","0.48","53061"
"LBBL","2019-08-05","208","208","205","208","0.00","46788"
"LBBL","2019-08-06","209","209","204","205","-1.44","57444"
"LBBL","2019-08-07","176","176","168","174","-0.63","20397"
"LBBL","2019-08-08","173","173","170","171","-1.72","5796"
"LBBL","2019-08-11","171","172","170","171","0.00","7184"
"LBBL","2019-08-12","171","176","171","175","2.34","7049"
"LBBL","2019-08-13","178","190","178","180","2.86","36286"
"LBBL","2019-08-14","180","180","177","178","-1.11","17573"
"LBBL","2019-08-15","180","180","176","178","0.00","10728"
"LBBL","2019-08-18","179","181","176","177","-0.56","14087"
"LBBL","2019-08-19","176","180","175","180","1.69","11212"
"LBBL","2019-08-20","180","180","178","179","-0.56","7285"
"LBBL","2019-08-21","181","181","178","179","0.00","9119"
"LBBL","2019-08-22","179","180","177","179","0.00","13673"
"LBBL","2019-08-25","177","179","175","179","0.00","7430"
"LBBL","2019-08-26","178","179","177","177","-1.12","11576"
"LBBL","2019-08-27","178","178","175","177","0.00","8850"
"LBBL","2019-08-28","177","177","176","176","-0.56","4405"
"LBBL","2019-08-29","177","178","176","177","0.57","6686"
"LBBL","2019-09-01","177","178","176","176","-0.56","9825"
"LBBL","2019-09-02","175","176","174","175","-0.57","10915"
"LBBL","2019-09-03","174","178","171","177","1.14","10200"
"LBBL","2019-09-04","177","179","176","178","0.56","9887"
"LBBL","2019-09-05","179","179","176","176","-1.12","5315"
"LBBL","2019-09-08","178","178","175","175","-0.57","8042"
"LBBL","2019-09-09","177","177","173","175","0.00","7470"
"LBBL","2019-09-10","174","175","172","173","-1.14","8085"
"LBBL","2019-09-11","173","176","172","173","0.00","4980"
"LBBL","2019-09-12","173","175","173","173","0.00","5988"
"LBBL","2019-09-15","173","173","170","172","-0.58","9252"
"LBBL","2019-09-16","170","170","168","169","-1.74","8850"
"LBBL","2019-09-17","167","174","166","174","2.96","4362"
"LBBL","2019-09-18","177","178","174","176","1.15","12689"
"LBBL","2019-09-19","175","175","173","175","-0.57","4821"
"LBBL","2019-09-22","175","175","170","170","-2.86","5034"
"LBBL","2019-09-23","170","172","170","171","0.59","11433"
"LBBL","2019-09-24","169","172","169","171","0.00","3184"
"LBBL","2019-09-26","170","170","169","169","-0.59","5278"
"LBBL","2019-09-29","167","171","167","170","0.59","1590"
"LBBL","2019-09-30","170","171","169","171","0.59","2855"
"LBBL","2019-10-01","171","174","171","174","1.75","3895"
"LBBL","2019-10-02","173","174","172","173","-0.57","6714"
"LBBL","2019-10-03","174","175","174","175","1.16","5326"
"LBBL","2019-10-10","176","176","174","176","0.57","1093"
"LBBL","2019-10-14","174","176","173","175","-0.57","1390"
"LBBL","2019-10-15","173","176","173","175","0.00","8622"
"LBBL","2019-10-16","172","175","172","175","0.00","525"
"LBBL","2019-10-17","175","175","171","173","-1.14","7200"
"LBBL","2019-10-20","171","175","171","175","1.16","1144"
"LBBL","2019-10-21","175","175","172","172","-1.71","1674"
"LBBL","2019-10-22","170","173","170","172","0.00","4726"
"LBBL","2019-10-23","175","175","172","172","0.00","2259"
"LBBL","2019-10-24","172","175","172","173","0.58","5346"
"LBBL","2019-10-31","170","175","170","172","-0.58","4634"
"LBBL","2019-11-03","172","173","170","172","0.00","2720"
"LBBL","2019-11-04","170","173","170","173","0.58","7790"
"LBBL","2019-11-05","174","174","172","173","0.00","1643"
"LBBL","2019-11-06","174","175","172","172","-0.58","8953"
"LBBL","2019-11-07","172","172","171","172","0.00","2322"
"LBBL","2019-11-10","171","172","170","171","-0.58","4264"
"LBBL","2019-11-11","171","174","170","174","1.75","5100"
"LBBL","2019-11-12","172","174","170","173","-0.57","244"
"LBBL","2019-11-13","170","173","170","171","-1.16","4644"
"LBBL","2019-11-14","171","173","170","170","-0.58","5942"
"LBBL","2019-11-17","171","172","170","171","0.59","2023"
"LBBL","2019-11-18","170","171","170","170","-0.58","6845"
"LBBL","2019-11-19","171","171","169","170","0.00","2397"
"LBBL","2019-11-20","171","171","169","169","-0.59","11031"
"LBBL","2019-11-21","169","169","168","169","0.00","4077"
"LBBL","2019-11-24","168","169","167","168","-0.59","3614"
"LBBL","2019-11-25","170","170","166","169","0.60","10174"
"LBBL","2019-11-26","167","169","166","167","-1.18","6717"
"LBBL","2019-11-27","168","170","168","170","1.80","7047"
"LBBL","2019-11-28","169","170","168","168","-1.18","3230"
"LBBL","2019-12-01","169","170","169","170","1.19","2339"
"LBBL","2019-12-02","171","172","170","172","1.18","5915"
"LBBL","2019-12-03","172","172","170","171","-0.58","2073"
"LBBL","2019-12-04","170","171","168","171","0.00","2363"
"LBBL","2019-12-05","171","172","170","170","-0.58","1437"
"LBBL","2019-12-08","173","175","172","175","2.94","17538"
"LBBL","2019-12-09","174","176","174","174","-0.57","5393"
"LBBL","2019-12-10","177","186","176","185","6.32","58614"
"LBBL","2019-12-11","188","198","187","197","6.49","149057"
"LBBL","2019-12-12","197","199","193","194","-1.52","59479"
"LBBL","2019-12-15","194","194","190","190","-2.06","44095"
"LBBL","2019-12-16","188","191","188","190","0.00","28590"
"LBBL","2019-12-17","187","190","187","190","0.00","13696"
"LBBL","2019-12-18","188","190","188","190","0.00","16408"
"LBBL","2019-12-19","189","190","188","189","-0.53","7683"
"LBBL","2019-12-22","191","191","189","190","0.53","13667"
"LBBL","2019-12-23","190","194","190","194","2.11","24015"
"LBBL","2019-12-24","197","197","190","192","-1.03","42572"
"LBBL","2019-12-25","193","194","192","193","0.52","25180"
"LBBL","2019-12-26","193","194","192","194","0.52","14419"
"LBBL","2019-12-29","194","195","192","193","-0.52","8489"
"LBBL","2019-12-30","192","194","191","194","0.52","17031"
"LBBL","2019-12-31","198","198","192","193","-0.52","19451"
"LBBL","2020-01-01","194","195","193","195","1.04","24840"
"LBBL","2020-01-02","198","198","193","195","0.00","38846"
"LBBL","2020-01-05","193","197","190","195","0.00","30546"
"LBBL","2020-01-06","197","199","196","198","1.54","75038"
"LBBL","2020-01-07","199","204","198","204","3.03","130860"
"LBBL","2020-01-08","191","191","178","180","-7.35","54108"
"LBBL","2020-01-09","183","183","179","180","0.00","18514"
"LBBL","2020-01-12","183","185","180","182","1.11","29349"
"LBBL","2020-01-13","185","188","183","183","0.55","38792"
"LBBL","2020-01-14","183","188","182","184","0.55","18058"
"LBBL","2020-01-15","185","188","184","186","1.09","14433"
"LBBL","2020-01-16","188","191","186","189","1.61","30174"
"LBBL","2020-01-19","192","203","191","200","5.82","86329"
"LBBL","2020-01-20","201","203","193","195","-2.50","80314"
"LBBL","2020-01-21","196","196","192","193","-1.03","27470"
"LBBL","2020-01-22","192","197","192","194","0.52","25578"
"LBBL","2020-01-23","195","197","188","189","-2.58","16648"
"LBBL","2020-01-26","188","190","186","186","-1.59","15973"
"LBBL","2020-01-27","185","193","185","192","3.78","21382"
"LBBL","2020-01-28","191","192","189","191","-0.52","16213"
"LBBL","2020-01-29","192","194","188","190","-0.52","12053"
"LBBL","2020-01-30","190","193","189","193","1.58","14184"
"LBBL","2020-02-02","194","195","190","194","0.52","40507"
"LBBL","2020-02-03","197","197","193","195","0.52","24269"
"LBBL","2020-02-04","195","203","194","194","-0.51","51716"
"LBBL","2020-02-05","196","197","193","197","0.51","7996"
"LBBL","2020-02-06","198","201","195","197","0.00","18490"
"LBBL","2020-02-09","194","195","193","193","-2.03","12496"
"LBBL","2020-02-10","190","192","190","192","-0.52","45944"
"LBBL","2020-02-11","191","196","191","196","2.08","15691"
"LBBL","2020-02-12","198","198","190","193","-1.53","20538"
"LBBL","2020-02-13","194","194","191","193","0.00","19261"
"LBBL","2020-02-16","195","196","191","193","0.00","18825"
"LBBL","2020-02-17","195","198","193","195","1.56","17900"
"LBBL","2020-02-18","196","196","193","194","-0.51","10771"
"LBBL","2020-02-19","195","201","195","196","1.03","23347"
"LBBL","2020-02-20","196","198","195","197","0.51","32132"
"LBBL","2020-02-23","199","211","198","210","6.60","106709"
"LBBL","2020-02-24","210","214","202","205","-2.38","50080"
"LBBL","2020-02-25","205","211","145","211","2.93","34277"
"LBBL","2020-02-26","212","216","209","214","1.42","74433"
"LBBL","2020-02-27","211","227","207","218","1.87","68081"
"LBBL","2020-03-01","218","225","210","210","-3.67","71666"
"LBBL","2020-03-02","209","212","198","200","-4.76","39200"
"LBBL","2020-03-03","200","210","196","206","3.00","56183"
"LBBL","2020-03-04","202","203","188","191","-7.28","58024"
"LBBL","2020-03-05","190","205","190","194","1.57","51921"
"LBBL","2020-03-10","192","192","183","183","-5.67","18602"
"LBBL","2020-03-11","186","194","184","193","5.46","33956"
"LBBL","2020-03-12","190","191","185","189","-2.07","33338"
"LBBL","2020-03-15","186","186","180","182","-3.70","41477"
"LBBL","2020-03-16","179","186","177","185","1.65","21842"
"LBBL","2020-03-17","186","186","176","178","-3.78","60189"
"LBBL","2020-03-18","175","183","173","178","0.00","34049"
"LBBL","2020-03-19","174","183","171","178","0.56","29391"
"LBBL","2020-03-22","175","178","175","178","0.00","2919"
"LBBL","2020-06-29","175","175","172","169","-3.37","5830"
"LBBL","2020-06-30","167","179","167","179","5.92","2854"
"LBBL","2020-07-01","182","186","182","186","3.91","951"
"LBBL","2020-07-02","189","192","171","171","-8.06","5268"
"LBBL","2020-07-05","168","176","168","171","0.00","17050"
"LBBL","2020-07-06","171","177","171","175","2.34","15451"
"LBBL","2020-07-07","176","185","176","182","4.00","29714"
"LBBL","2020-07-08","183","185","180","180","-1.10","17766"
"LBBL","2020-07-09","180","183","177","182","1.11","6222"
"LBBL","2020-07-12","185","187","180","181","-0.55","10822"
"LBBL","2020-07-13","181","182","179","180","-0.55","13283"
"LBBL","2020-07-14","180","183","179","180","0.00","5899"
"LBBL","2020-07-15","179","185","179","181","0.56","12077"
"LBBL","2020-07-16","184","189","182","188","3.87","30022"
"LBBL","2020-07-19","197","206","197","206","9.57","728"
"LBBL","2020-07-20","210","218","194","197","-4.37","76002"
"LBBL","2020-07-21","195","200","192","195","-1.02","32089"
"LBBL","2020-07-22","197","198","190","195","0.00","12544"
"LBBL","2020-07-23","192","197","190","196","0.51","24629"
"LBBL","2020-07-26","198","199","192","195","-0.51","36802"
"LBBL","2020-07-27","196","197","192","194","-0.51","22473"
"LBBL","2020-07-28","194","197","191","194","0.00","16124"
"LBBL","2020-07-29","192","195","190","195","0.52","26312"
"LBBL","2020-07-30","195","195","192","194","-0.51","18252"
"LBBL","2020-08-02","193","193","188","189","-2.58","43626"
"LBBL","2020-08-03","189","192","186","188","-0.53","19029"
"LBBL","2020-08-05","187","187","184","185","-1.60","27177"
"LBBL","2020-08-06","183","185","180","185","1.09","13730"
"LBBL","2020-08-09","194","194","182","187","1.08","18229"
"LBBL","2020-08-10","190","192","188","191","2.14","20356"
"LBBL","2020-08-11","193","193","190","190","-0.52","15687"
"LBBL","2020-08-12","188","192","188","190","0.00","5374"
"LBBL","2020-08-13","188","191","187","188","-1.05","14095"
"LBBL","2020-08-16","185","185","177","182","-3.19","18524"
"LBBL","2020-08-17","181","183","179","181","-0.55","44243"
"LBBL","2020-08-18","182","184","181","184","1.66","11158"
"LBBL","2020-08-19","182","184","180","184","0.00","11477"
"LBBL","2020-08-20","181","184","181","181","-1.63","5034"
"LBBL","2020-08-23","180","182","180","181","0.00","10600"
"LBBL","2020-08-24","182","186","182","183","1.10","9359"
"LBBL","2020-08-25","182","185","181","182","-0.55","13190"
"LBBL","2020-08-26","182","188","182","187","2.75","20529"
"LBBL","2020-08-27","184","190","183","183","-2.14","12881"
"LBBL","2020-08-30","183","184","181","184","0.55","4981"
"LBBL","2020-08-31","184","187","182","184","0.00","19110"
"LBBL","2020-09-02","183","188","183","187","1.63","23153"
"LBBL","2020-09-03","189","190","184","185","-1.07","15167"
"LBBL","2020-09-06","194","194","183","185","0.00","15329"
"LBBL","2020-09-07","182","184","181","181","-2.16","18460"
"LBBL","2020-09-08","181","185","179","183","1.10","14650"
"LBBL","2020-09-09","182","184","181","183","0.00","7594"
"LBBL","2020-09-10","186","188","182","184","0.55","5436"
"LBBL","2020-09-13","193","193","181","181","-1.63","33014"
"LBBL","2020-09-14","184","187","181","185","2.21","28590"
"LBBL","2020-09-15","187","188","183","184","-0.54","12244"
"LBBL","2020-09-16","185","185","182","184","0.00","7949"
"LBBL","2020-09-17","185","197","183","190","3.26","73754"
"LBBL","2020-09-20","195","204","189","193","1.58","55291"
"LBBL","2020-09-21","191","196","187","192","-0.52","58994"
"LBBL","2020-09-22","191","192","186","187","-2.60","24340"
"LBBL","2020-09-23","187","189","185","189","1.07","11305"
"LBBL","2020-09-24","188","190","187","189","0.00","12006"
"LBBL","2020-09-27","190","192","188","190","0.53","32592"
"LBBL","2020-09-28","189","198","189","190","0.00","36709"
"LBBL","2020-09-29","189","192","189","191","0.53","14847"
"LBBL","2020-09-30","189","201","189","193","1.05","82133"
"LBBL","2020-10-01","196","201","196","200","3.63","107378"
"LBBL","2020-10-04","204","209","202","209","4.50","121444"
"LBBL","2020-10-05","212","224","207","223","6.70","261038"
"LBBL","2020-10-06","225","226","218","221","-0.90","159437"
"LBBL","2020-10-07","222","230","221","229","3.62","160090"
"LBBL","2020-10-08","230","230","218","221","-3.49","96562"
"LBBL","2020-10-11","221","224","218","219","-0.90","62823"
"LBBL","2020-10-12","221","230","215","223","1.83","133138"
"LBBL","2020-10-13","234","234","220","222","-0.45","80085"
"LBBL","2020-10-14","218","222","216","217","-2.25","35383"
"LBBL","2020-10-15","217","222","214","217","0.00","36703"
"LBBL","2020-10-18","214","217","210","211","-2.76","23903"
"LBBL","2020-10-19","212","218","211","218","3.32","26431"
"LBBL","2020-10-20","220","222","216","220","0.92","23989"
"LBBL","2020-10-21","220","222","219","220","0.00","14636"
"LBBL","2020-10-22","219","222","218","220","0.00","21957"
"LBBL","2020-10-28","221","229","217","228","3.64","50380"
"LBBL","2020-10-29","228","233","225","225","-1.32","77103"
"LBBL","2020-11-01","222","229","221","226","0.44","36404"
"LBBL","2020-11-02","226","227","222","223","-1.33","21271"
"LBBL","2020-11-03","221","223","220","220","-1.35","46675"
"LBBL","2020-11-04","220","222","217","218","-0.91","24527"
"LBBL","2020-11-05","221","221","214","218","0.00","38954"
"LBBL","2020-11-08","221","225","217","219","0.46","28431"
"LBBL","2020-11-09","223","223","216","217","-0.91","27892"
"LBBL","2020-11-10","219","220","216","217","0.00","20151"
"LBBL","2020-11-11","217","222","217","220","1.38","29629"
"LBBL","2020-11-12","220","222","218","218","--","26630"
"LBBL","2020-11-18","217","221","217","218","0.00","17443"
"LBBL","2020-11-19","222","222","216","218","0.00","38052"
"LBBL","2020-11-22","217","226","216","219","0.00","36302"
"LBBL","2020-11-23","220","223","217","219","0.00","26349"
"LBBL","2020-11-24","220","224","218","218","-0.00","35425"
"LBBL","2020-11-25","222","226","221","225","0.03","32800"
"LBBL","2020-11-26","228","236","220","223","-0.01","48530"
"LBBL","2020-11-29","223","245","223","244","0.09","197029"
"LBBL","2020-11-30","244","251","233","234","-0.04","134491"
"LBBL","2020-12-01","224","241","224","232","-0.01","45217"
"LBBL","2020-12-02","234","245","230","243","0.05","97862"
"LBBL","2020-12-03","255","259","237","241","-0.01","153597"
"LBBL","2020-12-06","240","240","229","229","-0.05","61325"
"LBBL","2020-12-07","232","240","226","234","0.02","83528"
"LBBL","2020-12-08","245","245","226","228","-0.03","60768"
"LBBL","2020-12-09","225","225","222","223","-0.02","28591"
"LBBL","2020-12-10","225","225","221","222","-0.00","47101"
"LBBL","2020-12-13","225","227","222","226","0.02","38738"
"LBBL","2020-12-14","226","235","226","235","0.04","103587"
"LBBL","2020-12-15","238","238","231","231","-0.02","64508"
"LBBL","2020-12-16","228","233","228","231","0.00","27498"
"LBBL","2020-12-17","227","238","226","228","-0.01","31687"
"LBBL","2020-12-20","225","226","218","219","-0.04","55731"
"LBBL","2020-12-21","215","221","205","219","0.00","48308"
"LBBL","2020-12-22","222","236","219","230","0.05","69889"
"LBBL","2020-12-23","234","235","222","224","-0.03","32559"
"LBBL","2020-12-24","228","228","220","221","-0.01","24348"
"LBBL","2020-12-27","219","223","214","217","-0.02","46723"
"LBBL","2020-12-28","218","222","216","218","0.00","54783"
"LBBL","2020-12-29","204","204","200","200","-0.02","26882"
"LBBL","2020-12-30","200","201","198","198","-0.01","13959"
"LBBL","2020-12-31","201","203","199","201","0.02","25899"
"LBBL","2021-01-03","205","208","202","207","0.03","44191"
"LBBL","2021-01-04","210","214","205","207","0.00","57324"
"LBBL","2021-01-05","210","215","205","207","0.00","14365"
"LBBL","2021-01-06","207","210","206","209","0.01","51106"
"LBBL","2021-01-07","212","212","208","208","-0.00","46032"
"LBBL","2021-01-10","218","227","211","224","0.08","148268"
"LBBL","2021-01-11","228","232","222","229","0.02","148381"
"LBBL","2021-01-12","230","232","222","227","-0.01","43250"
"LBBL","2021-01-13","230","241","228","238","0.05","147657"
"LBBL","2021-01-17","238","250","233","244","0.03","228448"
"LBBL","2021-01-18","245","250","242","245","0.00","103280"
"LBBL","2021-01-19","243","245","238","240","-0.02","79363"
"LBBL","2021-01-20","237","241","232","240","0.00","105707"
"LBBL","2021-01-21","244","244","240","244","0.02","77740"
"LBBL","2021-01-24","245","250","244","247","0.01","103411"
"LBBL","2021-01-25","259","259","243","246","-0.00","97050"
"LBBL","2021-01-26","246","246","240","240","-0.02","64864"
"LBBL","2021-01-27","240","244","237","241","0.00","43585"
"LBBL","2021-01-28","238","242","232","235","-0.02","59996"
"LBBL","2021-01-31","231","234","223","229","-0.03","67449"
"LBBL","2021-02-01","232","233","227","230","0.00","40928"
"LBBL","2021-02-02","233","240","231","237","0.03","69295"
"LBBL","2021-02-03","240","246","237","239","0.01","92092"
"LBBL","2021-02-04","238","246","238","239","0.00","58315"
"LBBL","2021-02-07","242","244","238","239","0.00","53531"
"LBBL","2021-02-08","241","251","240","245","0.03","128056"
"LBBL","2021-02-09","248","252","245","249","0.02","109439"
"LBBL","2021-02-10","255","255","245","250","0.00","105706"
"LBBL","2021-02-11","252","272","250","260","0.04","208600"
"LBBL","2021-02-14","260","270","256","261","0.00","140713"
"LBBL","2021-02-15","266","276","262","264","0.01","146804"
"LBBL","2021-02-16","268","272","259","264","0.00","148431"
"LBBL","2021-02-17","265","267","261","266","0.01","84103"
"LBBL","2021-02-18","270","278","267","276","0.04","209533"
"LBBL","2021-02-21","277","280","273","273","-0.01","133589"
"LBBL","2021-02-22","275","278","263","265","-2.93","131869"
"LBBL","2021-02-23","263","264","252","259","-2.26","110958"
"LBBL","2021-02-24","247","274","247","264","1.93","81578"
"LBBL","2021-02-25","263","265","259","259","0.00","38292"
"LBBL","2021-02-28","259","259","249","250","-3.47","84773"
"LBBL","2021-03-01","250","260","245","257","0.00","55475"
"LBBL","2021-03-02","255","259","246","248","-3.50","56663"
"LBBL","2021-03-03","260","260","240","245","-1.21","51758"
"LBBL","2021-03-04","246","253","246","251","2.45","56200"
"LBBL","2021-03-08","255","256","247","247","-1.98","21998"
"LBBL","2021-03-09","247","249","244","244","-1.21","24939"
"LBBL","2021-03-10","241","248","239","242","-0.82","37908"
"LBBL","2021-03-14","242","246","237","239","-1.24","31538"
"LBBL","2021-03-15","236","244","233","240","0.42","44073"
"LBBL","2021-03-16","242","242","237","239","-0.42","20480"
"LBBL","2021-03-17","242","246","238","242","1.26","44353"
"LBBL","2021-03-18","244","252","243","248","2.48","43240"
"LBBL","2021-03-21","248","254","247","253","2.02","41182"
"LBBL","2021-03-22","254","256","248","250","-1.19","26824"
"LBBL","2021-03-23","245","248","245","246","-1.60","24615"
"LBBL","2021-03-24","245","251","245","248","0.81","27944"
"LBBL","2021-03-25","250","253","245","246","-0.81","46907"
"LBBL","2021-03-29","250","250","245","245","-0.41","14409"
"LBBL","2021-03-30","249","253","245","247","0.82","36474"
"LBBL","2021-03-31","247","253","247","252","2.02","51512"
"LBBL","2021-04-01","253","275","252","263","4.37","144984"
"LBBL","2021-04-04","265","265","258","260","-1.14","47935"
"LBBL","2021-04-05","257","266","256","257","-1.15","52309"
"LBBL","2021-04-06","261","270","255","264","2.72","93529"
"LBBL","2021-04-07","264","275","264","266","0.76","103917"
"LBBL","2021-04-08","263","273","263","265","-0.38","44477"
"LBBL","2021-04-12","260","270","260","268","1.13","94235"
"LBBL","2021-04-13","281","290","268","285","6.34","300845"
"LBBL","2021-04-15","290","299","287","291","2.11","222768"
"LBBL","2021-04-18","294","300","286","289","-0.69","340480"
"LBBL","2021-04-19","289","292","282","282","-2.42","130820"
"LBBL","2021-04-20","284","300","274","299","6.03","230020"
"LBBL","2021-04-21","305","305","287","290","-3.01","93028"
"LBBL","2021-04-22","285","292","282","291","0.34","69631"
"LBBL","2021-04-25","305","305","278","282","-3.09","85844"
"LBBL","2021-04-26","278","283","269","271","-3.90","60722"
"LBBL","2021-04-27","271","282","270","278","2.21","50408"
"LBBL","2021-04-28","280","283","270","272","-2.16","33123"
"LBBL","2021-04-29","275","278","274","278","2.21","50650"
"LBBL","2021-05-02","279","282","275","281","1.08","62656"
"LBBL","2021-05-03","284","285","275","276","-1.78","54232"
"LBBL","2021-05-04","276","280","273","278","0.72","26903"
"LBBL","2021-05-05","282","282","275","278","0.00","28597"
"LBBL","2021-05-06","275","278","273","275","-1.08","20711"
"LBBL","2021-05-09","275","279","272","274","-0.36","53691"
"LBBL","2021-05-10","274","277","272","277","1.09","15785"
"LBBL","2021-05-11","277","282","275","281","1.44","46090"
"LBBL","2021-05-12","282","283","279","281","0.00","56181"
"LBBL","2021-05-13","290","290","280","288","2.49","124864"
"LBBL","2021-05-16","290","304","290","299","3.82","249862"
"LBBL","2021-05-17","300","303","292","297","-0.67","127034"
"LBBL","2021-05-18","302","321","295","312","5.05","239813"
"LBBL","2021-05-19","314","314","300","300","-3.85","142068"
"LBBL","2021-05-20","305","327","300","325","8.33","184321"
"LBBL","2021-05-23","322","353","310","346","6.46","291222"
"LBBL","2021-05-24","346","352","334","337","-2.60","236082"
"LBBL","2021-05-25","353","353","325","329","-2.37","163699"
"LBBL","2021-05-27","329","353","318","342","3.95","235197"
"LBBL","2021-05-30","350","376","346","376","9.94","651403"
"LBBL","2021-05-31","390","413","373","400","6.38","1009625"
"LBBL","2021-06-01","400","440","400","433","8.25","714587"
"LBBL","2021-06-02","440","476","425","476","9.93","658386"
"LBBL","2021-06-03","485","523","476","496","4.20","700809"
"LBBL","2021-06-06","496","545","496","545","9.88","1035540"
"LBBL","2021-06-07","550","599","541","593","8.81","754444"
"LBBL","2021-06-08","600","652","600","632","6.58","560172"
"LBBL","2021-06-09","663","663","594","597","-0.06","789368"
"LBBL","2021-06-10","600","643","591","633","6.03","748400"
"LBBL","2021-06-13","645","696","640","696","9.95","860139"
"LBBL","2021-06-14","730","730","670","683","-1.87","610284"
"LBBL","2021-06-15","696","696","647","655","-4.10","489102"
"LBBL","2021-06-16","623","676","617","640","-2.29","404066"
"LBBL","2021-06-17","640","665","628","655","2.34","352663"
"LBBL","2021-06-20","655","668","605","624","-4.73","327164"
"LBBL","2021-06-21","655","655","600","600","-3.85","340953"
"LBBL","2021-06-22","575","632","575","630","5.00","298689"
"LBBL","2021-06-23","661","661","606","610","-3.17","160235"
"LBBL","2021-06-24","610","615","596","599","-1.80","156922"
"LBBL","2021-06-27","600","605","580","585","-2.34","143818"
"LBBL","2021-06-28","595","600","574","582","-0.51","94214"
"LBBL","2021-06-29","582","582","543","543","-6.70","233449"
"LBBL","2021-06-30","543","586","520","569","4.79","230314"
"LBBL","2021-07-01","575","597","560","578","1.58","199123"
"LBBL","2021-07-04","600","600","561","568","-1.73","103314"
"LBBL","2021-07-05","560","567","551","552","-2.82","87886"
"LBBL","2021-07-06","559","580","547","550","-0.36","57304"
"LBBL","2021-07-07","550","570","541","546","-0.73","57158"
"LBBL","2021-07-08","542","563","542","558","2.20","87414"
"LBBL","2021-07-11","585","605","552","603","8.06","174540"
"LBBL","2021-07-12","615","615","577","587","-2.65","290999"
"LBBL","2021-07-13","596","609","572","586","-0.17","104788"
"LBBL","2021-07-14","597","607","577","588","0.34","39853"
"LBBL","2021-07-15","600","600","580","585","-0.51","86101"
"LBBL","2021-07-18","596","625","590","625","6.84","211393"
"LBBL","2021-07-19","630","640","606","611.5","-2.16","195099"
"LBBL","2021-07-20","623","623","598.8","601","-1.72","91418"
"LBBL","2021-07-22","603","605","590","595","-1.00","163092"
"LBBL","2021-07-25","600","604","582","586.9","-1.36","230382"
"LBBL","2021-07-26","598.6","598.6","574","582","-0.83","119966"
"LBBL","2021-07-27","582","612","570","590","1.37","142541"
"LBBL","2021-07-28","595","608","580","580","-1.69","193704"
"LBBL","2021-07-29","591","614","591","611","5.34","203198"
"LBBL","2021-08-01","623","640","622","626.9","2.60","422809"
"LBBL","2021-08-02","639.4","639.4","611","615","-1.90","176658"
"LBBL","2021-08-03","620","627","610","615","0.00","80996"
"LBBL","2021-08-04","627","627","609","614.9","-0.02","95309"
"LBBL","2021-08-05","622","635","610","621","0.99","220389"
"LBBL","2021-08-08","633.4","638","621","627","0.97","168267"
"LBBL","2021-08-09","630","638","615","622.9","-0.65","87828"
"LBBL","2021-08-10","623","678.3","623","660","5.96","460653"
"LBBL","2021-08-11","673.2","699","643","651","-1.36","244607"
"LBBL","2021-08-12","651","695.4","644","685","5.22","515417"
"LBBL","2021-08-15","685","685","637","653","-4.67","394215"
"LBBL","2021-08-16","650","668.1","638","648","-0.77","216762"
"LBBL","2021-08-17","655","682","645","668","3.09","358625"
"LBBL","2021-08-18","681.3","734.8","675","729","9.13","835074"
"LBBL","2021-08-19","743.5","774","700","729.8","0.11","570717"
"LBBL","2021-08-24","744.3","744.3","691","693","-5.04","360065"
"LBBL","2021-08-25","693","714","662","665.5","-3.97","224881"
"LBBL","2021-08-26","664","712","655","700","5.18","304837"
"LBBL","2021-08-29","714","742","685","699.2","-0.11","391486"
"LBBL","2021-08-31","699.2","699.2","669.7","670","-4.18","262787"
"LBBL","2021-09-01","673","688.9","660","667.9","-0.31","242738"
"LBBL","2021-09-02","679.9","679.9","623","637","-4.63","202466"
"LBBL","2021-09-05","637","637","573.3","578","-9.26","338949"
"LBBL","2021-09-06","567","635.8","567","635.8","10.00","207366"
"LBBL","2021-09-07","640","652.8","611","632","-0.60","195874"
"LBBL","2021-09-08","625.1","628","609.1","612","-3.16","142508"
"LBBL","2021-09-09","612","623","599.8","606","-0.98","112932"
"LBBL","2021-09-12","610","646","600","636","4.95","212771"
"LBBL","2021-09-13","648.7","669","642","645","1.42","194995"
"LBBL","2021-09-14","646","653","626","634","-1.71","86847"
"LBBL","2021-09-15","634","635","611.1","617.9","-2.54","111223"
"LBBL","2021-09-16","605.6","612","581.1","591","-4.35","206196"
"LBBL","2021-09-20","588","598","552","556","-5.92","174155"
"LBBL","2021-09-21","550","583.4","531","560","0.72","188843"
"LBBL","2021-09-22","571.2","604","571.2","604","7.86","110206"
"LBBL","2021-09-23","616","626","588","594.4","-1.59","167907"
"LBBL","2021-09-26","606.2","622","575","576","-3.10","116742"
"LBBL","2021-09-27","570","587","541","544.8","-5.42","114264"
"LBBL","2021-09-28","534.09","564","526.3","535","-1.80","104084"
"LBBL","2021-09-29","541","555","520","554.9","3.72","92440"
"LBBL","2021-09-30","554.9","560","530","531","-4.31","64307"
"LBBL","2021-10-03","528","533","510","514","-3.20","72603"
"LBBL","2021-10-04","514","519","491","494","-3.89","79026"
"LBBL","2021-10-05","503","516","500","515","4.25","46286"
"LBBL","2021-10-06","524.5","539","506","537","4.27","50038"
"LBBL","2021-10-10","535","549","511","515","-4.10","62450"
"LBBL","2021-10-11","516","516","499","510","-0.97","43711"
"LBBL","2021-10-17","519","519","505","517","1.37","12901"
"LBBL","2021-10-18","507","512.9","491","494","-4.45","53385"
"LBBL","2021-10-19","490","490","460","462","-6.48","66330"
"LBBL","2021-10-20","471.2","499","471.2","482","4.33","42988"
"LBBL","2021-10-21","490","490","469","469","-2.70","26979"
"LBBL","2021-10-24","465","485","461","477","1.71","44209"
"LBBL","2021-10-25","485.5","522.6","485.5","521","9.22","95074"
"LBBL","2021-10-26","515","550","505","540","3.65","199071"
"LBBL","2021-10-27","531.4","550","520","529.9","-1.87","91695"
"LBBL","2021-10-28","530.9","539","515","527.1","-0.53","94252"
"LBBL","2021-10-31","537","579.8","537","579.8","10.00","228580"
"LBBL","2021-11-01","591.3","630","581.3","608","4.86","260089"
"LBBL","2021-11-02","610","663","593","652","7.24","323163"
"LBBL","2021-11-03","652","678","639","641.4","-1.63","159447"
"LBBL","2021-11-08","641","665","640","648.9","1.17","191841"
"LBBL","2021-11-09","640","651","606","619","-4.61","272538"
"LBBL","2021-11-11","620","620","588","596","-3.72","133825"
"LBBL","2021-11-14","596","639","596","626.1","5.05","259886"
"LBBL","2021-11-15","613.6","671.9","613.6","660","5.41","361029"
"LBBL","2021-11-16","673","676.2","656","670","1.52","272892"
"LBBL","2021-11-17","675","697","657","657","-1.94","292680"
"LBBL","2021-11-18","660","673","640","644","-1.98","144585"
"LBBL","2021-11-21","644","665","636.1","649.9","0.92","133688"
"LBBL","2021-11-22","660","662.8","640","643","-1.06","105944"
"LBBL","2021-11-23","636","648.7","620.4","630","-2.02","119489"
"LBBL","2021-11-24","618","642","610","624.1","-0.94","87388"
"LBBL","2021-11-25","630","634","611","613","-1.78","112947"
"LBBL","2021-11-28","616","616","580","581","-5.22","137134"
"LBBL","2021-11-29","590","607","577.1","585","0.69","106292"
"LBBL","2021-11-30","596","607.9","575","590","0.85","71441"
"LBBL","2021-12-01","600","600","581.2","583","-1.19","61732"
"LBBL","2021-12-02","594.6","594.6","561.1","562","-3.60","63512"
"LBBL","2021-12-05","573.2","573.2","539","544","-3.20","78949"
"LBBL","2021-12-06","553","565","524","563.9","3.66","144255"
"LBBL","2021-12-07","574","586","542","544","-3.53","85318"
"LBBL","2021-12-08","549","550","520","524","-3.68","65507"
"LBBL","2021-12-09","533","533","510","524","0.00","103959"
"LBBL","2021-12-12","519","529","485","485.5","-7.35","131123"
"LBBL","2021-12-13","422","442","406","413","-3.88","138847"
"LBBL","2021-12-14","421","451","416.5","451","9.20","40225"
"LBBL","2021-12-15","460","468","435","448","-0.67","161402"
"LBBL","2021-12-16","439.1","448","424","426","-4.91","47636"
"LBBL","2021-12-20","434.5","439","414","420","-1.41","30313"
"LBBL","2021-12-21","425","435","415","430","2.38","47486"
"LBBL","2021-12-22","438.6","458.8","430","457","6.28","75390"
"LBBL","2021-12-23","466.1","468","441.1","451","-1.31","74536"
"LBBL","2021-12-26","456","465","446","453","0.44","79223"
"LBBL","2021-12-27","461","461","427","429.9","-5.10","86428"
"LBBL","2021-12-28","438","448","422","437","1.65","55587"
"LBBL","2021-12-29","445.7","445.7","427","430.2","-1.56","37355"
"LBBL","2022-01-02","435","456.9","430","456","6.00","82207"
"LBBL","2022-01-03","456","479.5","451","470","3.07","111032"
"LBBL","2022-01-04","478","507","461","495","5.32","110308"
"LBBL","2022-01-05","495","508","485","486.7","-1.68","105798"
"LBBL","2022-01-06","479","500","479","498","2.32","92490"
"LBBL","2022-01-09","507","540","507","528","6.02","128189"
"LBBL","2022-01-10","538","541","519","529.1","0.21","169708"
"LBBL","2022-01-11","534","550","526","547","3.38","117698"
"LBBL","2022-01-12","555","555","525","526.5","-3.75","131829"
"LBBL","2022-01-13","517","546","517","545.1","3.53","114198"
"LBBL","2022-01-16","545.1","577","550.1","564","3.47","140732"
"LBBL","2022-01-17","564","573","542","561.5","-0.44","92177"
"LBBL","2022-01-18","561.5","562","540","545","-2.94","133975"
"LBBL","2022-01-19","550","554","533","533","-2.20","73950"
"LBBL","2022-01-20","533","561","533","560","5.07","102523"
"LBBL","2022-01-23","571","571","539","548","-2.14","80881"
"LBBL","2022-01-24","540","543","514","519.9","-5.13","154746"
"LBBL","2022-01-25","515","533","506","516","-0.75","75326"
"LBBL","2022-01-26","518","521","495","503","-2.52","127688"
"LBBL","2022-01-27","506","512","500","502","-0.20","55210"
"LBBL","2022-01-30","512","543","512","542","7.97","124814"
"LBBL","2022-01-31","542.3","547","526","530","-2.21","65680"
"LBBL","2022-02-01","533","544.9","525","539.1","1.72","88228"
"LBBL","2022-02-03","549.8","555","532.1","538","-0.20","122911"
"LBBL","2022-02-06","535","540","524","526","-2.23","52516"
"LBBL","2022-02-07","530","536.5","524.8","529","0.57","33690"
"LBBL","2022-02-08","539","558","516.1","520","0.00","77525"
"LBBL","2022-02-09","520","523","513.3","519","-0.19","36267"
"LBBL","2022-02-10","520","522","510.7","513.5","-1.06","42870"
"LBBL","2022-02-13","508","508","485","488.3","-4.91","95295"
"LBBL","2022-02-14","478.6","498","478.6","488.9","0.12","69233"
"LBBL","2022-02-15","485","507.9","481","507","3.70","85331"
"LBBL","2022-02-16","507","509.9","491","496","-2.17","50971"
"LBBL","2022-02-17","487","499","487","491","-1.01","23643"
"LBBL","2022-02-20","482","488","473","479.1","-2.42","60264"
"LBBL","2022-02-21","478.1","489","478","482.2","0.65","36417"
"LBBL","2022-02-22","491","499.5","490","494","2.45","36006"
"LBBL","2022-02-23","498","498.7","488","488","-1.21","26306"
"LBBL","2022-02-24","482.3","484","471","472","-3.28","56336"
"LBBL","2022-02-27","480","480","462.1","473","0.21","42374"
"LBBL","2022-02-28","482","489","461.1","464","-1.90","37769"
"LBBL","2022-03-02","460","464","443","445","-4.09","60171"
"LBBL","2022-03-06","453.9","459","440","455","2.25","58081"
"LBBL","2022-03-07","464.1","464.1","448","450","-1.10","45021"
"LBBL","2022-03-09","454","454","434","438","-2.67","36436"
"LBBL","2022-03-10","430.1","461","430","460","5.02","36941"
"LBBL","2022-03-13","468","484","463","480","4.35","86004"
"LBBL","2022-03-14","485","488.8","470","482.9","0.60","37225"
"LBBL","2022-03-15","483","490","475","490","1.47","77681"
"LBBL","2022-03-16","482","490","476.5","482","-1.63","39663"
"LBBL","2022-03-20","485","489.9","475.5","475.5","-1.35","32884"
"LBBL","2022-03-21","475.5","493","469.1","490","3.05","57326"
"LBBL","2022-03-22","493.5","503","486","498","1.63","60688"
"LBBL","2022-03-23","493","499.8","487","494","-0.80","49137"
"LBBL","2022-03-24","494","500","483","484.4","-1.94","40255"
"LBBL","2022-03-27","475.2","481","461.7","470","-2.97","44696"
"LBBL","2022-03-28","470","474","452.9","452.9","-3.64","42587"
"LBBL","2022-03-29","456","463","445.1","454","0.24","32700"
"LBBL","2022-03-30","454","476","449","476","4.85","34136"
"LBBL","2022-03-31","480","480","455.3","460","-3.36","46276"
"LBBL","2022-04-03","460","460","450","457.9","-0.46","32234"
"LBBL","2022-04-04","451","464","450","450.5","-1.62","19366"
"LBBL","2022-04-05","451","451","435","442","-1.89","50736"
"LBBL","2022-04-06","436","447","433.3","440","-0.45","28195"
"LBBL","2022-04-07","446","454","439.1","450","2.27","43248"
"LBBL","2022-04-11","459","465","444.1","444.1","-1.31","36317"
"LBBL","2022-04-12","436.1","446","430.1","438","-1.37","32051"
"LBBL","2022-04-13","438.9","447","430.4","440","0.46","31562"