"Symbol","Date","Open","High","Low","Close","Percent Change","Volume"
"JFL","2021-12-29","585","595.6","574","583","-0.17","11922"
"JFL","2021-12-28","547","584","538","584","4.85","34002"
"JFL","2021-12-27","612","620","555","557","-7.17","44893"
"JFL","2021-12-26","616","616","600","600","-0.83","22270"
"JFL","2021-12-23","616","621.1","595","605","-1.61","33571"
"JFL","2021-12-22","582.4","622","559.7","614.9","7.69","51964"
"JFL","2021-12-21","530","571","530","571","9.81","21484"
"JFL","2021-12-20","510","534","500.2","520","1.25","19030"
"JFL","2021-12-16","520","536.5","512","513.6","0.71","35576"
"JFL","2021-12-15","540.6","583","510","510","-3.77","51544"
"JFL","2021-12-14","494.7","530","494.7","530","9.28","15468"
"JFL","2021-12-13","515","525","477.5","485","-7.62","40750"
"JFL","2021-12-12","579.8","591.6","525","525","-9.17","31701"
"JFL","2021-12-09","565","590","562","578","0.52","17782"
"JFL","2021-12-08","599.1","610.9","564.5","575","-5.89","21918"
"JFL","2021-12-07","642.2","655","610","611","-3.78","14325"
"JFL","2021-12-06","609","640","588","635","2.25","28651"
"JFL","2021-12-05","657","657","620","621","-5.48","18635"
"JFL","2021-12-02","692","692","653","657","-4.16","24912"
"JFL","2021-12-01","679.3","689","670","685.5","2.93","19871"
"JFL","2021-11-30","686.4","690","663","666","-1.04","23811"
"JFL","2021-11-29","657.7","694","657.7","673","0.28","18153"
"JFL","2021-11-28","695","698","670","671.1","-5.35","38224"
"JFL","2021-11-25","708","723","695","709","2.01","20093"
"JFL","2021-11-24","690","714","673.3","695","-0.71","28736"
"JFL","2021-11-23","709","716.9","671.3","700","-1.13","63289"
"JFL","2021-11-22","730","730","707.7","708","-1.94","23678"
"JFL","2021-11-21","730","743.9","716","722","0.28","24335"
"JFL","2021-11-18","730.1","757","716","720","-3.36","70336"
"JFL","2021-11-17","775","775","745","745","-2.00","82022"
"JFL","2021-11-16","745","803.9","731","760.2","2.33","181021"
"JFL","2021-11-15","723","749.7","716.2","742.9","4.63","117518"
"JFL","2021-11-14","682","715","677","710","2.90","48149"
"JFL","2021-11-11","698","730","682","690","-3.12","85396"
"JFL","2021-11-09","732","736","686","712.2","-1.36","124684"
"JFL","2021-11-08","687.4","730","687","722","7.12","83850"
"JFL","2021-11-03","673.2","687","673","674","2.12","40488"
"JFL","2021-11-02","639","671","629","660","3.13","33453"
"JFL","2021-11-01","660","678","637","640","-3.03","26481"
"JFL","2021-10-31","640","670","630.1","660","3.11","35025"
"JFL","2021-10-28","655","655","628","640.1","-0.76","21742"
"JFL","2021-10-27","639","670","604","645","1.26","45028"
"JFL","2021-10-26","617","638","617","637","4.94","47813"
"JFL","2021-10-25","555","610","555","607","7.43","43873"
"JFL","2021-10-24","549.9","580","549.9","565","2.54","16566"
"JFL","2021-10-21","572","581","551","551","-3.33","8718"
"JFL","2021-10-20","550.8","573","550.8","570","5.56","22969"
"JFL","2021-10-19","570","570","528","540","-5.25","24277"
"JFL","2021-10-18","582.2","582.2","562","569.9","-4.06","12188"
"JFL","2021-10-17","596.6","596.7","576","594","1.54","7970"
"JFL","2021-10-11","568","585","558","585","0.95","22877"
"JFL","2021-10-10","591","626","568","579.5","-0.09","48741"
"JFL","2021-10-06","546","587.9","543.1","580","8.21","30383"
"JFL","2021-10-05","514.1","550","508","536","6.33","31368"
"JFL","2021-10-04","533","533","493.2","504.1","-3.61","26397"
"JFL","2021-10-03","546.1","550","506","523","-4.23","25278"
"JFL","2021-09-30","584","585","541","546.1","-4.69","23282"
"JFL","2021-09-29","535","583","509.2","573","8.11","36554"
"JFL","2021-09-28","570","582","527","530","-8.78","45036"
"JFL","2021-09-27","610","620","580","581","-6.59","46457"
"JFL","2021-09-26","655","666","621","622","-6.33","52467"
"JFL","2021-09-23","657.4","685","650","664","2.95","45348"
"JFL","2021-09-22","605.8","650","605.8","645","8.59","48483"
"JFL","2021-09-21","602","648","567","594","-3.26","55938"
"JFL","2021-09-20","685","685","606.2","614","-8.83","66096"
"JFL","2021-09-16","699","699","660","673.5","-5.54","64415"
"JFL","2021-09-15","744.5","744.5","708","713","-2.33","21542"
"JFL","2021-09-14","760","760","728","730","-2.54","18240"
"JFL","2021-09-13","750","773","735","749","1.22","136813"
"JFL","2021-09-12","722","750","710","740","4.45","66497"
"JFL","2021-09-09","710","724","705","708.5","-0.49","53071"
"JFL","2021-09-08","720.3","734.7","693.5","712","-3.13","45540"
"JFL","2021-09-07","769.3","769.3","715","735","-2.56","52326"
"JFL","2021-09-06","686","754.3","646","754.3","9.99","99550"
"JFL","2021-09-05","747","755","685.8","685.8","-10.00","108716"
"JFL","2021-09-02","780","806.8","757","762","-2.31","149211"
"JFL","2021-09-01","807","815","771","780","-2.74","64672"
"JFL","2021-08-31","811.9","836","782","802","0.75","191415"
"JFL","2021-08-29","758.8","818.4","745","796","6.99","416301"
"JFL","2021-08-26","697","766","697","744","6.74","150883"
"JFL","2021-08-25","756","756","685","697","-6.06","151589"
"JFL","2021-08-24","742","785","700","742","0.00","163558"
"JFL","2021-08-19","727.2","769","726","742","4.07","186235"
"JFL","2021-08-18","685","730","685","713","6.10","176563"
"JFL","2021-08-17","666.1","680","664","672","2.89","64301"
"JFL","2021-08-16","663","676","635","653.1","0.48","69516"
"JFL","2021-08-15","665.5","721","628","650","-4.27","170719"
"JFL","2021-08-12","667","695","653.7","679","1.80","90992"
"JFL","2021-08-11","709.9","723","660.6","667","-4.17","114082"
"JFL","2021-08-10","670","720","668","696","5.78","195913"
"JFL","2021-08-09","673.2","680","645","658","-0.30","88966"
"JFL","2021-08-08","655.5","682","647","660","2.01","163491"
"JFL","2021-08-05","615","665","615","647","5.89","217198"
"JFL","2021-08-04","600","622","585","611","2.48","146609"
"JFL","2021-08-03","596","605","594","596.2","0.03","34499"
"JFL","2021-08-02","595","624","587","596","2.05","106226"
"JFL","2021-08-01","606","607","577.3","584","-2.83","122821"
"JFL","2021-07-29","636","649","601","601","-5.50","153392"
"JFL","2021-07-28","635","647.7","597","636","2.09","174810"
"JFL","2021-07-27","555.2","623.1","544","623","9.97","167423"
"JFL","2021-07-26","525","566.5","505","566.5","10.00","302053"
"JFL","2021-07-25","489.6","528","485","515","7.29","133684"
"JFL","2021-07-22","475","485","469","480","2.56","63218"
"JFL","2021-07-20","475","480","466","468","-1.47","56358"
"JFL","2021-07-19","490.3","499","473","475","-1.45","57571"
"JFL","2021-07-18","486","498","480.2","482","1.05","65674"
"JFL","2021-07-15","481","484","470","477","0.21","57710"
"JFL","2021-07-14","467","484","459","476","3.48","101105"
"JFL","2021-07-13","440","464","430","460","5.26","96011"
"JFL","2021-07-12","453","469","434","437","-2.67","94468"
"JFL","2021-07-11","417","449","415","449","9.78","72701"
"JFL","2021-07-08","400","420","400","409","2.00","25341"
"JFL","2021-07-07","415","415","400","401","-1.47","22197"
"JFL","2021-07-06","434","434","400","407","-1.69","14134"
"JFL","2021-07-05","417","426","409","414","-2.13","29468"
"JFL","2021-07-04","433","440","419","423","-0.47","47646"
"JFL","2021-07-01","428","432","412","425","1.19","54173"
"JFL","2021-06-30","400","425","369","420","5.79","58302"
"JFL","2021-06-29","408","410","395","397","-2.70","33418"
"JFL","2021-06-28","426","436","407","408","-2.86","29724"
"JFL","2021-06-27","423","434","418","420","-1.64","28538"
"JFL","2021-06-24","440","445","427","427","-2.95","31657"
"JFL","2021-06-23","445","480","430","440","0.00","79808"
"JFL","2021-06-22","420","440","392","440","10.00","59973"
"JFL","2021-06-21","439","439","391","400","-7.19","52580"
"JFL","2021-06-20","460","461","419","431","-6.30","30966"
"JFL","2021-06-17","450","467","422","460","2.22","69637"
"JFL","2021-06-16","474","474","428","450","-5.26","76902"
"JFL","2021-06-15","501","506","466","475","-4.23","86488"
"JFL","2021-06-14","498","547","482","496","-0.60","125967"
"JFL","2021-06-13","454","499","442","499","9.91","226001"
"JFL","2021-06-10","459","459","420","454","3.65","133698"
"JFL","2021-06-09","470","488","435","438","-0.05","144498"
"JFL","2021-06-08","440","462","432","462","10.00","141956"
"JFL","2021-06-07","389","420","382","420","9.95","240757"
"JFL","2021-06-06","393","393","369","382","-2.80","104096"
"JFL","2021-06-03","407","426","382","393","1.29","175033"
"JFL","2021-06-02","353","388","348","388","9.92","209384"
"JFL","2021-06-01","345","363","339","353","3.52","85395"
"JFL","2021-05-31","363","369","341","341","-4.21","91061"
"JFL","2021-05-30","326","372","326","356","3.79","142731"
"JFL","2021-05-27","338","364","320","343","0.59","51773"
"JFL","2021-05-25","339","350","337","341","-2.29","88584"
"JFL","2021-05-24","380","380","339","349","-3.59","110873"
"JFL","2021-05-23","337","369","319","362","7.42","140763"
"JFL","2021-05-20","313","337","305","337","9.77","145865"
"JFL","2021-05-19","312","330","300","307","0.33","106406"
"JFL","2021-05-18","266","306","266","306","9.68","141794"
"JFL","2021-05-17","292","292","273","279","0.00","44364"
"JFL","2021-05-16","291","291","277","279","0.36","62298"
"JFL","2021-05-13","252","280","252","278","4.91","90985"
"JFL","2021-05-12","264","267","262","265","0.76","12035"
"JFL","2021-05-11","266","268","263","263","-0.38","4182"
"JFL","2021-05-10","265","270","262","264","1.54","7635"
"JFL","2021-05-09","258","264","258","260","-0.76","2952"
"JFL","2021-05-06","260","263","260","262","-0.38","4692"
"JFL","2021-05-05","262","272","262","263","0.00","4420"
"JFL","2021-05-04","263","268","261","263","-1.13","16444"
"JFL","2021-05-03","280","280","265","266","-3.27","20600"
"JFL","2021-05-02","260","280","253","275","6.59","20038"
"JFL","2021-04-29","250","258","249","258","1.57","2647"
"JFL","2021-04-28","253","261","246","254","-1.55","8202"
"JFL","2021-04-27","250","264","250","258","4.88","7967"
"JFL","2021-04-26","253","255","244","246","-4.65","18284"
"JFL","2021-04-25","265","265","255","258","-2.64","14234"
"JFL","2021-04-22","263","265","263","265","0.00","5815"
"JFL","2021-04-21","282","282","265","265","-1.49","6214"
"JFL","2021-04-20","264","278","264","269","1.13","11561"
"JFL","2021-04-19","270","270","266","266","-1.85","8728"
"JFL","2021-04-18","275","279","266","271","-0.73","19983"
"JFL","2021-04-15","274","279","270","273","1.11","28124"
"JFL","2021-04-13","271","273","269","270","0.37","15849"
"JFL","2021-04-12","275","276","268","269","-0.74","13798"
"JFL","2021-04-08","262","272","262","271","1.88","27146"
"JFL","2021-04-07","281","281","266","266","-0.75","9245"
"JFL","2021-04-06","268","269","263","268","1.13","16122"
"JFL","2021-04-05","270","272","260","265","-0.75","6640"
"JFL","2021-04-04","262","271","260","267","2.30","22733"
"JFL","2021-04-01","260","265","259","261","1.16","16591"
"JFL","2021-03-31","260","261","257","258","-0.77","13184"
"JFL","2021-03-30","261","261","256","260","0.39","7281"
"JFL","2021-03-29","258","263","256","259","-0.77","9111"
"JFL","2021-03-25","251","261","251","261","1.95","16715"
"JFL","2021-03-24","257","261","255","256","-1.54","14864"
"JFL","2021-03-23","256","261","256","260","0.39","4314"
"JFL","2021-03-22","265","265","254","259","-2.26","15616"
"JFL","2021-03-21","269","270","247","265","-2.21","37893"
"JFL","2021-03-18","266","271","265","271","2.26","13426"
"JFL","2021-03-17","263","270","263","265","1.92","7489"
"JFL","2021-03-16","260","263","258","260","0.00","5637"
"JFL","2021-03-15","260","263","260","260","-0.76","2350"
"JFL","2021-03-14","262","267","260","262","-1.87","3253"
"JFL","2021-03-10","270","270","265","267","0.00","2992"
"JFL","2021-03-09","268","274","266","267","-0.37","5446"
"JFL","2021-03-08","263","278","263","268","2.68","18218"
"JFL","2021-03-04","255","275","255","261","1.95","9947"
"JFL","2021-03-03","262","262","252","256","-0.39","10108"
"JFL","2021-03-02","267","267","257","257","-3.75","14123"
"JFL","2021-03-01","259","275","259","267","0.00","7745"
"JFL","2021-02-28","270","270","264","264","-1.86","18098"
"JFL","2021-02-25","275","278","269","269","0.00","5106"
"JFL","2021-02-24","272","281","272","277","1.09","8331"
"JFL","2021-02-23","280","284","265","274","-0.36","10501"
"JFL","2021-02-22","286","289","274","275","-2.48","19041"
"JFL","2021-02-21","279","298","277","282","0.03","53788"
"JFL","2021-02-18","273","275","270","274","0.02","24748"
"JFL","2021-02-17","265","269","265","269","0.02","22156"
"JFL","2021-02-16","272","273","264","265","-0.03","24280"
"JFL","2021-02-15","270","275","270","272","0.01","13834"
"JFL","2021-02-14","272","274","267","270","0.00","10997"
"JFL","2021-02-11","271","275","267","270","0.01","26167"
"JFL","2021-02-10","270","270","260","268","-0.00","13596"
"JFL","2021-02-09","280","280","260","263","-0.01","17172"
"JFL","2021-02-08","268","268","260","267","0.02","18234"
"JFL","2021-02-07","267","268","263","263","-0.01","15932"
"JFL","2021-02-04","269","271","265","267","-0.01","14779"
"JFL","2021-02-03","272","272","266","269","-0.00","10731"
"JFL","2021-02-02","277","277","265","271","-0.01","13139"
"JFL","2021-02-01","264","278","264","275","0.04","22884"
"JFL","2021-01-31","277","277","255","264","-0.05","35156"
"JFL","2021-01-28","285","286","276","277","-0.02","13542"
"JFL","2021-01-27","285","285","280","282","0.01","14936"
"JFL","2021-01-26","283","287","279","280","-0.01","36571"
"JFL","2021-01-25","294","294","280","283","-0.02","22043"
"JFL","2021-01-24","304","306","286","290","-0.03","35153"
"JFL","2021-01-21","302","311","295","299","0.01","26794"
"JFL","2021-01-20","316","316","291","297","-0.01","17902"
"JFL","2021-01-19","287","301","277","301","0.10","76837"
"JFL","2021-01-18","265","283","264","274","0.05","46278"
"JFL","2021-01-17","265","270","257","260","0.00","24884"
"JFL","2021-01-13","257","260","253","259","0.02","19487"
"JFL","2021-01-12","250","254","249","254","0.00","5811"
"JFL","2021-01-11","264","264","253","253","-0.02","4448"
"JFL","2021-01-10","255","259","253","259","0.03","12958"
"JFL","2021-01-07","262","262","251","251","-0.02","21406"
"JFL","2021-01-06","260","260","252","257","-0.01","17875"
"JFL","2021-01-05","266","275","251","259","0.02","54254"
"JFL","2021-01-04","235","254","235","254","0.10","34592"
"JFL","2021-01-03","228","237","225","231","0.00","37396"
"JFL","2020-12-31","230","237","230","231","-0.01","7554"
"JFL","2020-12-30","232","234","232","234","-0.01","3136"
"JFL","2020-12-29","235","236","234","236","0.01","1572"
"JFL","2020-12-28","235","236","233","234","-0.01","2976"
"JFL","2020-12-27","243","244","235","236","-0.02","2805"
"JFL","2020-12-24","240","242","236","240","0.00","3281"
"JFL","2020-12-23","245","248","234","240","-0.02","10791"
"JFL","2020-12-22","236","247","234","245","0.06","10993"
"JFL","2020-12-21","222","233","217","232","0.03","17329"
"JFL","2020-12-20","241","245","225","225","-0.08","21207"
"JFL","2020-12-17","257","257","241","245","-0.03","6185"
"JFL","2020-12-16","243","252","240","252","0.03","15185"
"JFL","2020-12-15","249","249","240","245","0.00","6184"
"JFL","2020-12-14","248","249","240","245","0.00","10900"
"JFL","2020-12-13","237","244","237","244","0.02","4142"
"JFL","2020-12-10","249","249","235","240","-0.02","3980"
"JFL","2020-12-09","250","255","244","246","-0.01","15711"
"JFL","2020-12-08","245","258","245","249","0.03","25402"
"JFL","2020-12-07","237","243","233","241","0.03","7042"
"JFL","2020-12-06","239","241","235","235","-0.03","9406"
"JFL","2020-12-03","250","250","242","243","-0.02","10728"
"JFL","2020-12-02","245","250","244","247","0.01","16808"
"JFL","2020-12-01","246","258","242","245","-0.02","27222"
"JFL","2020-11-30","252","257","246","249","0.00","32299"
"JFL","2020-11-29","250","250","244","248","-0.01","39627"
"JFL","2020-11-26","260","260","241","250","-0.03","33444"
"JFL","2020-11-25","253","259","250","252","-0.02","15294"
"JFL","2020-11-24","264","269","244","257","-0.03","29566"
"JFL","2020-11-23","261","266","256","264","0.06","57451"
"JFL","2020-11-22","232","250","229","249","0.09","112049"
"JFL","2020-11-19","228","230","225","228","0.00","22975"
"JFL","2020-11-18","229","230","223","224","0.00","24797"
"JFL","2020-11-12","227","230","225","225","--","25941"
"JFL","2020-11-11","228","234","225","230","1.77","31850"
"JFL","2020-11-10","220","230","220","226","2.73","52737"
"JFL","2020-11-09","226","226","219","220","-0.45","29908"
"JFL","2020-11-08","225","229","218","221","0.00","27975"
"JFL","2020-11-05","223","224","219","221","0.91","22224"
"JFL","2020-11-04","220","221","217","219","-0.45","15139"
"JFL","2020-11-03","220","222","218","220","0.46","7710"
"JFL","2020-11-02","229","229","217","219","0.00","17200"
"JFL","2020-11-01","219","223","218","219","-0.45","6720"
"JFL","2020-10-29","222","225","218","220","0.00","9506"
"JFL","2020-10-28","214","221","214","220","1.38","6993"
"JFL","2020-10-22","215","219","214","217","0.93","9042"
"JFL","2020-10-21","219","219","213","215","0.00","8498"
"JFL","2020-10-20","214","217","211","215","0.00","19432"
"JFL","2020-10-19","210","217","210","215","1.90","6275"
"JFL","2020-10-18","217","217","211","211","-1.86","14030"
"JFL","2020-10-15","227","227","211","215","-0.92","8635"
"JFL","2020-10-14","214","218","212","217","-0.46","15410"
"JFL","2020-10-13","224","227","215","218","-0.91","22045"
"JFL","2020-10-12","230","230","218","220","-3.93","24689"
"JFL","2020-10-11","217","235","215","229","6.51","86698"
"JFL","2020-10-08","213","218","213","215","2.87","53871"
"JFL","2020-10-07","204","212","201","209","4.50","32546"
"JFL","2020-10-06","199","201","199","200","0.50","15613"
"JFL","2020-10-05","202","205","199","199","-1.97","11830"
"JFL","2020-10-04","204","207","201","203","1.50","12807"
"JFL","2020-10-01","200","203","198","200","0.00","15967"
"JFL","2020-09-30","204","204","199","200","-0.99","16532"
"JFL","2020-09-29","200","204","200","202","1.00","17261"
"JFL","2020-09-28","208","208","200","200","0.00","28908"
"JFL","2020-09-27","193","203","193","200","5.26","35809"
"JFL","2020-09-24","186","192","186","190","1.06","8573"
"JFL","2020-09-23","186","192","184","188","2.17","18855"
"JFL","2020-09-22","190","193","184","184","-2.13","28564"
"JFL","2020-09-21","195","200","187","188","-3.59","26338"
"JFL","2020-09-20","199","204","195","195","2.63","28564"
"JFL","2020-09-17","180","192","179","190","6.74","28490"
"JFL","2020-09-16","172","179","172","178","2.89","6892"
"JFL","2020-09-15","174","174","171","173","0.00","2249"
"JFL","2020-09-14","172","173","170","173","1.17","4557"
"JFL","2020-09-13","173","178","169","171","-0.58","10660"
"JFL","2020-09-10","169","175","167","172","2.99","7523"
"JFL","2020-09-09","169","169","167","167","-1.76","3524"
"JFL","2020-09-08","166","170","166","170","2.41","6854"
"JFL","2020-09-07","167","168","166","166","-2.35","1775"
"JFL","2020-09-06","170","177","168","170","1.19","9232"
"JFL","2020-09-03","167","170","167","168","0.60","3774"
"JFL","2020-09-02","166","170","165","167","2.45","6777"
"JFL","2020-08-31","166","166","163","163","0.00","2338"
"JFL","2020-08-30","164","166","161","163","-0.61","1291"
"JFL","2020-08-27","170","170","164","164","-1.80","1776"
"JFL","2020-08-26","167","167","161","167","1.83","4774"
"JFL","2020-08-25","166","166","163","164","-0.61","934"
"JFL","2020-08-24","160","165","160","165","1.23","1139"
"JFL","2020-08-23","162","163","160","163","1.87","802"
"JFL","2020-08-20","160","160","160","160","0.00","400"
"JFL","2020-08-19","160","163","159","160","0.00","4439"
"JFL","2020-08-18","163","164","160","160","-0.62","3077"
"JFL","2020-08-17","159","162","160","161","-0.62","1231"
"JFL","2020-08-16","160","162","159","162","0.00","3375"
"JFL","2020-08-13","165","167","162","162","-1.22","2724"
"JFL","2020-08-12","163","164","160","164","0.61","3858"
"JFL","2020-08-11","164","165","163","163","0.62","3077"
"JFL","2020-08-10","169","169","160","162","-2.41","9089"
"JFL","2020-08-09","165","167","165","166","1.22","3954"
"JFL","2020-08-06","164","164","163","164","-0.61","1153"
"JFL","2020-08-05","169","169","164","166","-0.60","1242"
"JFL","2020-08-03","163","167","162","167","1.21","1860"
"JFL","2020-08-02","166","168","165","165","-1.79","1706"
"JFL","2020-07-30","166","168","165","168","1.20","1165"
"JFL","2020-07-29","169","170","166","166","-2.35","277"
"JFL","2020-07-28","170","171","167","170","0.00","968"
"JFL","2020-07-27","170","172","170","170","0.00","638"
"JFL","2020-07-26","164","172","164","170","3.03","3081"
"JFL","2020-07-23","170","170","164","165","-1.20","508"
"JFL","2020-07-22","168","168","165","167","-2.34","1502"
"JFL","2020-07-21","174","174","171","171","-2.29","1150"
"JFL","2020-07-20","173","178","173","175","2.94","3518"
"JFL","2020-07-16","163","170","161","170","4.94","4950"
"JFL","2020-07-15","162","162","161","162","0.00","1100"
"JFL","2020-07-14","159","163","159","162","3.18","2697"
"JFL","2020-07-13","155","160","155","157","0.64","1208"
"JFL","2020-07-12","156","159","154","156","1.30","2359"
"JFL","2020-07-09","155","156","154","154","0.00","4607"
"JFL","2020-07-08","155","156","154","154","-1.91","4656"
"JFL","2020-07-07","153","159","153","157","0.64","5882"
"JFL","2020-07-06","158","159","154","156","-0.64","4363"
"JFL","2020-07-05","165","165","154","157","-3.09","2234"
"JFL","2020-07-02","165","165","162","162","-1.82","110"
"JFL","2020-06-29","165","165","165","165","-0.60","10"
"JFL","2020-03-19","166","167","164","166","-1.78","3879"
"JFL","2020-03-18","169","170","163","169","0.00","2686"
"JFL","2020-03-17","173","173","167","169","-0.59","1827"
"JFL","2020-03-16","170","173","167","170","1.19","380"
"JFL","2020-03-15","172","172","168","168","-2.33","5474"
"JFL","2020-03-12","179","179","172","172","-4.44","6195"
"JFL","2020-03-11","171","183","168","180","4.65","4888"
"JFL","2020-03-10","174","174","172","172","-1.71","887"
"JFL","2020-03-05","175","178","174","175","-0.57","2729"
"JFL","2020-03-04","177","180","176","176","-0.56","1620"
"JFL","2020-03-03","181","181","177","177","-2.21","3231"
"JFL","2020-03-02","187","187","181","181","-4.74","4250"
"JFL","2020-03-01","189","191","186","190","0.53","5715"
"JFL","2020-02-27","189","193","189","189","0.00","5844"
"JFL","2020-02-26","192","195","188","189","0.00","4580"
"JFL","2020-02-25","186","189","185","189","0.00","1064"
"JFL","2020-02-24","189","201","186","189","0.00","7032"
"JFL","2020-02-23","180","190","178","189","6.18","7446"
"JFL","2020-02-20","176","178","175","178","1.14","6349"
"JFL","2020-02-19","181","181","176","176","-1.12","800"
"JFL","2020-02-18","177","183","177","178","0.56","3294"
"JFL","2020-02-17","173","182","173","177","4.12","3276"
"JFL","2020-02-16","176","179","170","170","-5.03","9600"
"JFL","2020-02-13","178","180","178","179","0.56","864"
"JFL","2020-02-12","180","180","177","178","-2.73","3431"
"JFL","2020-02-11","179","183","179","183","3.98","1562"
"JFL","2020-02-10","181","181","176","176","-1.12","2860"
"JFL","2020-02-09","183","183","178","178","-1.66","120"
"JFL","2020-02-06","185","185","181","181","-3.21","2600"
"JFL","2020-02-05","187","187","179","187","1.63","4650"
"JFL","2020-02-04","187","187","184","184","-3.16","358"
"JFL","2020-02-03","190","190","184","190","0.00","1391"
"JFL","2020-02-02","192","192","189","190","0.00","1530"
"JFL","2020-01-30","184","190","184","190","3.26","1508"
"JFL","2020-01-29","186","189","184","184","0.55","1907"
"JFL","2020-01-28","183","185","179","183","1.67","2330"
"JFL","2020-01-27","174","180","174","180","5.26","2262"
"JFL","2020-01-26","190","190","169","171","-8.56","3038"
"JFL","2020-01-23","187","187","180","187","1.63","6382"
"JFL","2020-01-22","187","187","183","184","-2.64","1596"
"JFL","2020-01-21","182","188","182","186","0.54","2203"
"JFL","2020-01-20","201","201","188","188","-5.05","2008"
"JFL","2020-01-19","180","195","180","191","6.11","7025"
"JFL","2020-01-16","176","180","175","179","3.47","2474"
"JFL","2020-01-15","170","177","170","173","1.76","2169"
"JFL","2020-01-14","175","175","170","170","-1.73","1640"
"JFL","2020-01-13","170","173","170","173","2.98","1380"
"JFL","2020-01-12","163","168","163","168","3.07","2394"
"JFL","2020-01-09","158","163","158","163","1.24","433"
"JFL","2020-01-08","166","166","161","161","-1.23","1068"
"JFL","2020-01-07","159","163","159","163","1.24","1709"
"JFL","2020-01-06","162","162","161","161","-0.62","964"
"JFL","2020-01-05","164","165","162","162","0.00","1128"
"JFL","2020-01-02","162","162","160","162","0.00","850"
"JFL","2020-01-01","163","163","162","162","0.00","560"
"JFL","2019-12-31","165","165","162","162","0.00","275"
"JFL","2019-12-30","160","162","157","162","-0.68","1241"
"JFL","2019-12-29","199","200","197","199","1.02","9395"
"JFL","2019-12-26","199","199","197","197","0.51","3230"
"JFL","2019-12-25","199","199","196","196","0.00","1690"
"JFL","2019-12-24","204","204","196","196","-2.00","7780"
"JFL","2019-12-23","201","201","197","200","1.01","2250"
"JFL","2019-12-22","199","200","198","198","0.00","2097"
"JFL","2019-12-19","195","200","195","198","3.12","8728"
"JFL","2019-12-18","191","194","189","192","0.52","2830"
"JFL","2019-12-17","193","194","191","191","0.00","3499"
"JFL","2019-12-16","194","194","191","191","0.00","3620"
"JFL","2019-12-15","194","194","194","194","-1.02","10"
"JFL","2019-12-12","201","201","194","196","-1.01","4438"
"JFL","2019-12-11","193","202","192","198","3.12","10888"
"JFL","2019-12-10","193","193","192","192","-1.03","1173"
"JFL","2019-12-09","188","194","188","194","3.19","820"
"JFL","2019-12-08","190","190","188","188","-1.57","405"
"JFL","2019-12-05","192","193","191","191","-1.04","1280"
"JFL","2019-12-04","192","193","192","193","0.52","1588"
"JFL","2019-12-03","191","192","191","192","0.52","636"
"JFL","2019-12-02","192","193","190","191","0.00","1140"
"JFL","2019-12-01","191","191","191","191","0.53","874"
"JFL","2019-11-28","193","193","190","190","0.00","1211"
"JFL","2019-11-27","190","191","190","190","1.06","3995"
"JFL","2019-11-26","194","194","188","188","-2.08","1812"
"JFL","2019-11-25","187","192","187","192","1.05","1011"
"JFL","2019-11-24","190","190","189","190","-1.04","3200"
"JFL","2019-11-21","196","196","192","192","-1.03","330"
"JFL","2019-11-20","195","195","193","194","1.04","40"
"JFL","2019-11-19","192","192","191","192","0.00","1814"
"JFL","2019-11-18","196","196","192","192","-1.54","3210"
"JFL","2019-11-17","195","195","195","195","1.04","210"
"JFL","2019-11-14","194","195","193","193","-0.52","178"
"JFL","2019-11-13","195","195","193","194","1.04","2198"
"JFL","2019-11-12","196","196","192","192","-1.54","1300"
"JFL","2019-11-11","197","197","195","195","0.00","87"
"JFL","2019-11-10","192","195","192","195","1.56","2332"
"JFL","2019-11-07","191","192","191","192","0.00","978"
"JFL","2019-11-06","195","195","192","192","-1.54","3551"
"JFL","2019-11-05","195","195","193","195","1.04","1254"
"JFL","2019-11-04","193","193","192","193","0.52","1530"
"JFL","2019-11-03","193","193","192","192","-1.03","1010"
"JFL","2019-10-31","194","194","193","194","0.52","2000"
"JFL","2019-10-24","192","195","192","193","0.00","3210"
"JFL","2019-10-23","196","196","192","193","-0.52","5458"
"JFL","2019-10-22","198","198","194","194","-1.02","2649"
"JFL","2019-10-17","198","198","196","196","0.51","220"
"JFL","2019-10-16","197","197","195","195","-0.51","1694"
"JFL","2019-10-15","195","196","195","196","1.55","1151"
"JFL","2019-10-14","196","196","193","193","-1.53","3995"
"JFL","2019-10-10","196","196","196","196","0.00","250"
"JFL","2019-10-03","195","197","195","196","0.51","2210"
"JFL","2019-10-02","195","195","193","195","-0.51","3910"
"JFL","2019-10-01","199","199","196","196","-0.51","1680"
"JFL","2019-09-30","195","198","195","197","1.55","125"
"JFL","2019-09-29","193","194","193","194","-0.51","340"
"JFL","2019-09-26","194","197","194","195","0.00","744"
"JFL","2019-09-24","195","195","192","194","-2.02","2965"
"JFL","2019-09-23","198","200","195","198","0.00","200"
"JFL","2019-09-22","196","199","193","198","-0.50","470"
"JFL","2019-09-19","199","199","194","199","1.02","1350"
"JFL","2019-09-18","202","202","195","197","-1.01","3217"
"JFL","2019-09-17","195","199","195","199","3.65","2720"
"JFL","2019-09-16","198","198","190","192","-1.54","6205"
"JFL","2019-09-15","196","197","195","195","-1.02","913"
"JFL","2019-09-12","199","199","197","197","-0.51","4360"
"JFL","2019-09-11","200","200","197","198","-1.00","5370"
"JFL","2019-09-10","199","201","197","200","0.00","16870"
"JFL","2019-09-09","200","202","197","200","0.00","14108"
"JFL","2019-09-08","193","207","193","200","5.26","24852"
"JFL","2019-09-05","191","191","189","190","0.00","2950"
"JFL","2019-09-04","191","193","190","190","0.53","300"
"JFL","2019-09-03","187","189","187","189","1.61","511"
"JFL","2019-09-02","190","190","186","186","-0.53","2740"
"JFL","2019-09-01","191","191","187","187","-3.11","1078"
"JFL","2019-08-29","192","195","190","193","2.12","5743"
"JFL","2019-08-28","189","189","189","189","1.61","122"
"JFL","2019-08-27","187","190","186","186","-2.11","11100"
"JFL","2019-08-26","187","190","184","190","0.00","1390"
"JFL","2019-08-25","190","190","190","190","0.00","677"
"JFL","2019-08-22","193","193","190","190","-2.56","750"
"JFL","2019-08-21","184","195","184","195","4.28","6374"
"JFL","2019-08-20","190","190","187","187","-1.58","2200"
"JFL","2019-08-19","191","196","190","190","0.00","1046"
"JFL","2019-08-18","192","196","190","190","-1.04","981"
"JFL","2019-08-15","192","192","192","192","1.05","10"
"JFL","2019-08-14","190","190","189","190","1.60","985"
"JFL","2019-08-13","193","193","187","187","-1.58","1117"
"JFL","2019-08-12","193","193","190","190","0.00","100"
"JFL","2019-08-11","187","190","187","190","0.00","41"
"JFL","2019-08-08","194","197","190","190","-0.52","270"
"JFL","2019-08-07","185","191","185","191","4.95","1577"
"JFL","2019-08-06","184","184","182","182","-1.09","1250"
"JFL","2019-08-05","189","189","184","184","-4.17","1328"
"JFL","2019-08-04","187","192","187","192","1.59","1482"
"JFL","2019-08-01","190","190","189","189","-1.56","260"
"JFL","2019-07-31","192","198","192","192","1.59","1699"
"JFL","2019-07-30","187","190","187","189","2.72","2691"
"JFL","2019-07-29","181","187","181","184","2.79","1017"
"JFL","2019-07-28","184","184","179","179","-3.76","282"
"JFL","2019-07-25","185","188","185","186","0.00","1090"
"JFL","2019-07-24","185","186","183","186","2.20","3452"
"JFL","2019-07-23","182","182","182","182","-0.55","35"
"JFL","2019-07-22","182","183","182","183","-1.08","407"
"JFL","2019-07-21","188","188","185","185","-1.60","373"
"JFL","2019-07-18","186","189","186","188","2.73","2179"
"JFL","2019-07-17","180","183","180","183","1.67","1300"
"JFL","2019-07-16","180","180","180","180","0.00","100"
"JFL","2019-07-15","180","180","180","180","0.00","50"
"JFL","2019-07-11","180","180","180","180","1.12","693"
"JFL","2019-07-10","177","178","176","178","0.00","970"
"JFL","2019-07-09","179","179","178","178","-0.56","495"
"JFL","2019-07-08","175","179","175","179","1.70","333"
"JFL","2019-07-07","174","176","174","176","-0.56","1366"
"JFL","2019-07-04","177","177","177","177","-1.12","100"
"JFL","2019-07-03","176","179","176","179","1.70","1706"
"JFL","2019-07-02","175","176","175","176","1.15","861"
"JFL","2019-06-30","174","174","174","174","-0.57","174"
"JFL","2019-06-27","175","175","174","175","-0.57","718"
"JFL","2019-06-26","173","176","173","176","0.57","210"
"JFL","2019-06-25","178","178","175","175","-2.23","1249"
"JFL","2019-06-24","178","179","178","179","0.00","829"
"JFL","2019-06-23","179","179","178","179","-0.56","1389"
"JFL","2019-06-20","181","181","180","180","0.00","960"
"JFL","2019-06-19","176","180","176","180","1.12","643"
"JFL","2019-06-18","174","178","174","178","0.56","1780"
"JFL","2019-06-17","177","177","177","177","1.14","200"
"JFL","2019-06-16","176","176","175","175","-1.69","1734"
"JFL","2019-06-12","180","180","178","178","-1.11","964"
"JFL","2019-06-11","177","181","177","180","0.00","660"
"JFL","2019-06-10","178","180","178","180","-0.55","796"
"JFL","2019-06-06","175","181","175","181","1.69","2270"
"JFL","2019-06-04","175","178","175","178","1.14","2095"
"JFL","2019-06-03","178","178","176","176","-2.76","910"
"JFL","2019-06-02","178","181","178","181","0.56","975"
"JFL","2019-05-30","180","182","180","180","1.12","982"
"JFL","2019-05-29","178","178","178","178","-1.11","127"
"JFL","2019-05-27","181","181","178","180","1.12","63"
"JFL","2019-05-26","180","181","178","178","0.00","2243"
"JFL","2019-05-23","181","182","178","178","-3.26","4013"
"JFL","2019-05-22","179","187","176","184","4.55","3757"
"JFL","2019-05-21","171","176","171","176","1.73","41"
"JFL","2019-05-20","172","173","171","173","1.76","4302"
"JFL","2019-05-19","172","172","170","170","-2.86","985"
"JFL","2019-05-16","175","175","175","175","0.00","43"
"JFL","2019-05-15","174","181","174","175","2.34","2054"
"JFL","2019-05-14","175","175","171","171","-1.16","3122"
"JFL","2019-05-13","170","173","168","173","0.00","2427"
"JFL","2019-05-12","176","176","173","173","-3.35","190"
"JFL","2019-05-09","164","179","167","179","7.19","1968"
"JFL","2019-05-08","168","168","167","167","-1.18","787"
"JFL","2019-05-07","169","172","169","169","-1.74","252"
"JFL","2019-05-06","172","172","172","172","0.00","758"
"JFL","2019-05-05","172","172","172","172","-1.71","255"
"JFL","2019-04-30","176","176","175","175","0.00","267"
"JFL","2019-04-28","177","180","175","175","0.57","2796"
"JFL","2019-04-25","171","174","167","174","2.35","1918"
"JFL","2019-04-24","175","175","170","170","-4.49","1160"
"JFL","2019-04-23","181","181","178","178","0.00","210"
"JFL","2019-04-21","180","180","177","178","0.56","228"
"JFL","2019-04-18","180","180","177","177","-1.67","1225"
"JFL","2019-04-17","176","180","179","180","2.27","110"
"JFL","2019-04-16","170","176","170","176","4.76","161"
"JFL","2019-04-15","165","168","165","168","1.82","1317"
"JFL","2019-04-11","173","173","165","165","-4.62","823"
"JFL","2019-04-09","173","173","173","173","-1.70","10"
"JFL","2019-04-08","177","178","175","176","-0.56","443"
"JFL","2019-04-07","171","177","171","177","1.72","248"
"JFL","2019-04-04","165","174","165","174","3.57","770"
"JFL","2019-04-03","173","173","168","168","-1.75","693"
"JFL","2019-04-02","163","171","162","171","4.27","957"
"JFL","2019-04-01","164","164","164","164","0.00","167"
"JFL","2019-03-31","164","164","164","164","0.00","50"
"JFL","2019-03-28","167","167","164","164","0.00","36"
"JFL","2019-03-27","168","168","164","164","-2.38","344"
"JFL","2019-03-26","168","168","168","168","1.20","100"
"JFL","2019-03-25","169","169","166","166","0.00","140"
"JFL","2019-03-24","172","172","163","166","-1.78","5790"
"JFL","2019-03-21","172","177","166","169","0.00","510"
"JFL","2019-03-19","172","175","169","169","0.00","145"
"JFL","2019-03-18","170","172","169","169","-1.74","686"
"JFL","2019-03-17","164","173","163","172","6.83","3166"
"JFL","2019-03-14","164","164","161","161","-2.42","329"
"JFL","2019-03-13","164","165","164","165","0.00","765"
"JFL","2019-03-12","164","165","164","165","0.61","1524"
"JFL","2019-03-11","163","164","162","164","1.23","2881"
"JFL","2019-03-07","160","163","160","162","1.25","6125"
"JFL","2019-03-06","160","160","160","160","0.00","40"
"JFL","2019-03-05","160","160","160","160","0.00","54"
"JFL","2019-03-03","162","162","160","160","-1.23","1244"
"JFL","2019-02-27","162","162","162","162","0.00","789"
"JFL","2019-02-26","165","165","162","162","-1.82","633"
"JFL","2019-02-25","163","165","162","165","1.85","39"
"JFL","2019-02-24","159","162","159","162","0.62","1395"
"JFL","2019-02-20","163","163","161","161","-1.23","143"
"JFL","2019-02-19","161","163","160","163","0.00","903"
"JFL","2019-02-18","161","164","161","163","-0.61","93"
"JFL","2019-02-17","164","168","164","164","0.00","730"
"JFL","2019-02-14","164","164","163","164","0.61","20"
"JFL","2019-02-13","164","166","163","163","-1.81","250"
"JFL","2019-02-12","163","163","162","163","0.00","1708"
"JFL","2019-02-11","163","163","163","163","0.00","2270"
"JFL","2019-02-10","168","168","163","163","-2.98","216"
"JFL","2019-02-06","168","169","168","168","-0.59","200"
"JFL","2019-02-05","168","171","165","169","2.42","18192"
"JFL","2019-02-04","166","166","165","165","-0.60","2000"
"JFL","2019-02-03","167","168","166","166","-1.19","2041"
"JFL","2019-01-31","167","168","167","168","0.60","184"
"JFL","2019-01-30","169","169","167","167","-1.18","84"
"JFL","2019-01-29","168","171","168","169","0.60","560"
"JFL","2019-01-28","170","170","165","168","-1.18","813"
"JFL","2019-01-27","170","170","167","170","0.00","312"
"JFL","2019-01-24","170","170","168","170","0.00","29"
"JFL","2019-01-23","169","170","166","170","0.59","2367"
"JFL","2019-01-22","168","169","168","169","0.60","10"
"JFL","2019-01-20","170","170","168","168","-1.18","10000"
"JFL","2019-01-17","172","175","169","170","-1.16","5490"
"JFL","2019-01-13","170","173","170","172","1.18","207"
"JFL","2019-01-10","171","171","170","170","-0.58","1500"
"JFL","2019-01-09","170","173","170","171","0.59","1257"
"JFL","2019-01-08","170","173","170","170","0.00","107"
"JFL","2019-01-03","170","173","169","173","1.76","4477"
"JFL","2019-01-02","170","170","167","170","0.00","951"
"JFL","2019-01-01","172","172","170","170","-1.16","2250"
"JFL","2018-12-31","174","174","172","172","-1.15","600"
"JFL","2018-12-30","176","176","174","174","-1.14","600"
"JFL","2018-12-27","179","182","176","176","-1.68","750"
"JFL","2018-12-26","173","179","173","179","3.47","1689"
"JFL","2018-12-24","176","177","173","173","-1.70","1662"
"JFL","2018-12-23","169","176","169","176","4.14","210"
"JFL","2018-12-20","170","170","169","169","-0.59","1100"
"JFL","2018-12-19","167","170","167","170","1.80","1100"
"JFL","2018-12-18","170","170","167","167","-1.76","550"
"JFL","2018-12-17","170","170","169","170","0.00","1015"
"JFL","2018-12-16","173","173","170","170","-1.73","150"
"JFL","2018-12-13","176","176","173","173","-1.70","500"
"JFL","2018-12-11","179","182","176","176","-1.68","150"
"JFL","2018-12-10","170","179","170","179","5.29","1040"
"JFL","2018-12-09","168","170","166","170","1.19","800"
"JFL","2018-12-06","166","166","165","165","-0.60","301"
"JFL","2018-12-04","166","169","166","169","1.81","800"
"JFL","2018-12-03","165","166","165","166","0.61","676"
"JFL","2018-12-02","165","167","165","165","0.00","2927"
"JFL","2018-11-29","165","167","164","165","0.00","1067"
"JFL","2018-11-28","166","166","165","165","-0.60","100"
"JFL","2018-11-27","165","166","165","166","0.61","100"
"JFL","2018-11-26","165","165","165","165","0.00","936"
"JFL","2018-11-25","165","165","165","165","0.00","631"
"JFL","2018-11-22","163","166","163","165","1.23","500"
"JFL","2018-11-21","165","165","163","163","-1.21","1000"
"JFL","2018-11-20","165","165","164","165","0.00","110"
"JFL","2018-11-19","167","167","164","165","-1.20","1202"
"JFL","2018-11-15","170","170","167","167","-1.76","600"
"JFL","2018-11-04","167","167","167","167","-1.76","152"
"JFL","2018-11-01","172","174","170","170","0.59","765"
"JFL","2018-10-31","169","169","169","169","-1.17","900"
"JFL","2018-10-30","170","173","170","171","0.59","1900"
"JFL","2018-10-29","170","170","168","170","-1.73","1050"
"JFL","2018-10-28","170","173","168","173","0.58","3756"
"JFL","2018-10-25","172","175","172","172","0.00","1030"
"JFL","2018-10-24","172","172","172","172","0.00","206"
"JFL","2018-10-23","171","173","170","172","1.18","1659"
"JFL","2018-10-22","178","178","170","170","-4.49","2727"
"JFL","2018-10-21","179","179","178","178","-0.56","896"
"JFL","2018-10-15","176","179","175","179","3.47","220"
"JFL","2018-10-14","172","173","170","173","1.17","995"
"JFL","2018-10-11","168","171","168","171","3.64","75"
"JFL","2018-10-10","165","165","160","165","-1.20","2790"
"JFL","2018-10-09","167","168","167","167","-1.76","1218"
"JFL","2018-10-08","167","170","167","170","0.00","250"
"JFL","2018-10-04","165","170","165","170","1.19","2101"
"JFL","2018-10-03","171","171","168","168","-2.89","1396"
"JFL","2018-10-02","180","182","173","176","-3.89","3676"
"JFL","2018-10-01","216","225","216","220","0.46","12484"
"JFL","2018-09-30","228","228","219","219","-2.23","21813"
"JFL","2018-09-27","221","227","221","224","-0.44","2466"
"JFL","2018-09-26","228","228","224","226","0.45","5050"
"JFL","2018-09-25","230","232","224","224","-1.32","3746"
"JFL","2018-09-23","221","234","221","227","4.61","9939"
"JFL","2018-09-20","217","218","217","217","1.40","604"
"JFL","2018-09-18","214","216","212","214","-0.93","1193"
"JFL","2018-09-17","218","218","216","216","-0.92","1158"
"JFL","2018-09-16","213","222","209","218","0.93","4727"
"JFL","2018-09-13","220","220","216","216","0.00","2940"
"JFL","2018-09-12","213","219","213","216","-0.46","1361"
"JFL","2018-09-11","223","223","215","217","-0.91","6533"
"JFL","2018-09-10","221","235","217","219","0.92","22290"
"JFL","2018-09-09","201","217","201","217","9.60","23123"
"JFL","2018-09-06","200","200","198","198","-1.00","300"
"JFL","2018-09-05","195","200","195","200","2.04","5222"
"JFL","2018-09-04","196","196","195","196","1.55","1210"
"JFL","2018-09-03","198","199","193","193","-1.03","2507"
"JFL","2018-09-02","195","196","195","195","1.04","800"
"JFL","2018-08-28","193","194","192","193","0.52","510"
"JFL","2018-08-26","192","192","192","192","1.05","1218"
"JFL","2018-08-23","194","194","190","190","-0.52","910"
"JFL","2018-08-22","193","193","190","192","0.53","2520"
"JFL","2018-08-21","192","196","186","190","-2.56","8858"
"JFL","2018-08-20","191","195","191","195","3.72","1400"
"JFL","2018-08-19","188","188","188","188","-1.57","10"
"JFL","2018-08-16","196","196","191","192","-1.55","2684"
"JFL","2018-08-15","189","194","189","194","3.19","1253"
"JFL","2018-08-14","188","188","188","188","1.62","10"
"JFL","2018-08-12","185","188","185","185","1.65","6125"
"JFL","2018-08-09","188","188","182","182","-1.62","2849"
"JFL","2018-08-08","180","185","180","185","1.09","320"
"JFL","2018-08-07","185","185","181","183","-2.66","987"
"JFL","2018-08-06","195","195","188","188","-2.08","2652"
"JFL","2018-08-05","192","192","192","192","0.52","20"
"JFL","2018-08-02","187","194","187","191","0.53","3433"
"JFL","2018-08-01","196","196","190","190","-1.55","4749"
"JFL","2018-07-31","193","196","193","194","1.58","1360"
"JFL","2018-07-30","184","199","184","190","4.97","12393"
"JFL","2018-07-29","182","183","181","181","1.12","1967"
"JFL","2018-07-26","173","182","173","179","5.29","2002"
"JFL","2018-07-25","170","170","170","170","-1.73","1190"
"JFL","2018-07-24","170","173","170","172","1.76","1440"
"JFL","2018-07-23","166","172","166","170","0.59","1046"
"JFL","2018-07-22","160","169","160","169","5.62","1568"
"JFL","2018-07-11","160","160","160","160","-1.23","10"
"JFL","2018-07-10","164","164","162","162","-2.99","1118"
"JFL","2018-07-05","170","170","167","167","0.00","501"
"JFL","2018-07-03","166","167","166","167","0.60","2540"
"JFL","2018-07-02","187","194","187","191","0.53","3433"
"JFL","2018-07-01","196","196","190","190","-1.55","4749"
"JFL","2018-06-28","167","167","167","167","1.83","200"
"JFL","2018-06-26","164","164","164","164","-0.61","100"
"JFL","2018-06-25","165","165","165","165","-1.20","667"
"JFL","2018-06-24","165","168","165","167","2.45","3144"
"JFL","2018-06-21","161","163","160","163","0.62","783"
"JFL","2018-06-20","165","165","162","162","-3.57","800"
"JFL","2018-06-18","165","168","165","168","0.60","494"
"JFL","2018-06-17","170","170","167","167","-3.47","1211"
"JFL","2018-06-14","173","173","170","170","-1.70","1060"
"JFL","2018-06-13","173","176","173","176","1.73","1000"
"JFL","2018-06-12","173","173","173","173","1.76","10"
"JFL","2018-06-11","169","170","168","170","2.41","6190"
"JFL","2018-06-10","166","169","166","166","0.00","2340"
"JFL","2018-06-07","174","177","166","166","-2.92","2734"
"JFL","2018-06-04","168","171","168","171","0.59","269"
"JFL","2018-06-03","181","181","170","170","-7.61","989"
"JFL","2018-05-31","181","184","181","182","1.66","242"
"JFL","2018-05-30","175","181","175","181","1.69","472"
"JFL","2018-05-29","178","178","178","178","-1.66","64"
"JFL","2018-05-28","175","184","178","181","3.43","1677"
"JFL","2018-05-27","175","181","175","175","1.74","1204"
"JFL","2018-05-24","164","180","167","172","4.88","5575"
"JFL","2018-05-23","166","166","164","164","-1.80","1372"
"JFL","2018-05-21","164","167","164","167","0.60","45"
"JFL","2018-05-20","169","169","166","166","0.00","820"
"JFL","2018-05-16","166","166","166","166","-1.19","1260"
"JFL","2018-05-15","165","168","164","168","0.60","1896"
"JFL","2018-05-14","170","170","167","167","-3.47","955"
"JFL","2018-05-10","176","173","173","173","-1.70","116"
"JFL","2018-05-09","173","176","175","176","1.73","427"
"JFL","2018-05-08","170","173","170","173","3.59","479"
"JFL","2018-05-07","167","167","167","167","-1.76","200"
"JFL","2018-05-06","170","170","169","169","0.00","217"
"JFL","2018-05-03","168","171","165","170","3.03","1864"
"JFL","2018-05-02","170","167","165","165","-2.94","354"
"JFL","2018-04-29","179","179","167","170","-6.59","2180"
"JFL","2018-04-26","189","189","179","182","-5.21","17323"
"JFL","2018-04-25","190","192","189","192","1.05","373"
"JFL","2018-04-24","194","194","188","190","-3.55","206"
"JFL","2018-04-23","202","201","194","194","-1.00","1243"
"JFL","2018-04-22","187","199","181","199","6.42","4829"
"JFL","2018-04-19","187","187","187","187","-1.58","500"
"JFL","2018-04-18","190","190","190","190","1.60","667"
"JFL","2018-04-17","175","187","175","187","6.86","2530"
"JFL","2018-04-16","175","175","173","173","1.74","510"
"JFL","2018-04-15","171","172","172","172","0.58","218"
"JFL","2018-04-12","171","171","171","171","1.79","500"
"JFL","2018-04-10","170","170","168","169","-1.18","647"
"JFL","2018-04-09","169","175","169","170","2.41","2607"
"JFL","2018-04-08","157","166","157","166","7.79","310"
"JFL","2018-04-05","151","154","151","154","3.36","747"
"JFL","2018-04-03","149","149","149","149","1.36","54"
"JFL","2018-04-02","147","147","147","147","-2.00","10"
"JFL","2018-03-27","153","153","150","150","-3.85","1725"
"JFL","2018-03-26","156","159","156","156","-1.89","800"
"JFL","2018-03-22","159","159","159","159","-1.85","717"
"JFL","2018-03-21","160","162","160","162","1.25","506"
"JFL","2018-03-20","161","162","160","160","-1.84","6613"
"JFL","2018-03-19","163","163","162","163","1.87","250"
"JFL","2018-03-13","160","160","158","158","1.27","144"
"JFL","2018-03-12","155","158","158","158","1.94","708"
"JFL","2018-03-11","159","156","153","155","-2.52","1500"
"JFL","2018-03-07","159","159","159","159","-0.62","700"
"JFL","2018-03-06","161","161","160","160","-1.23","1291"
"JFL","2018-03-04","165","166","162","162","-3.57","1030"
"JFL","2018-02-28","168","169","167","169","-1.75","550"
"JFL","2018-02-27","171","171","171","171","1.79","193"
"JFL","2018-02-26","168","168","168","168","-1.18","30"
"JFL","2018-02-22","170","170","170","170","0.00","493"
"JFL","2018-02-21","170","170","170","170","0.00","75"
"JFL","2018-02-20","170","170","170","170","-1.73","200"
"JFL","2018-02-15","174","174","173","173","-1.14","300"
"JFL","2018-02-14","172","175","172","175","2.34","389"
"JFL","2018-02-12","171","171","171","171","0.59","67"
"JFL","2018-02-11","170","170","170","170","0.00","110"
"JFL","2018-02-08","170","170","170","170","-0.58","84"
"JFL","2018-02-07","171","174","171","171","-0.58","3047"
"JFL","2018-02-06","176","176","172","172","-0.58","1056"
"JFL","2018-02-05","173","173","173","173","0.00","1780"
"JFL","2018-02-04","182","182","173","173","-6.49","2104"
"JFL","2018-02-01","185","185","185","185","1.65","550"
"JFL","2018-01-31","178","183","178","182","4.00","1317"
"JFL","2018-01-29","178","178","175","175","-1.69","524"
"JFL","2018-01-28","179","179","178","179","-1.11","100"
"JFL","2018-01-25","177","180","177","180","1.12","120"
"JFL","2018-01-24","178","178","178","178","-0.56","150"
"JFL","2018-01-23","179","179","176","179","1.70","1545"
"JFL","2018-01-22","175","177","174","176","1.15","3917"
"JFL","2018-01-21","174","177","174","174","1.75","266"
"JFL","2018-01-17","169","171","169","171","-0.58","200"
"JFL","2018-01-14","178","178","172","172","-4.97","2028"
"JFL","2018-01-09","178","181","178","181","1.69","3301"
"JFL","2018-01-08","178","178","178","178","1.71","330"
"JFL","2018-01-07","174","175","174","175","-1.13","341"
"JFL","2018-01-04","177","177","177","177","-1.67","333"
"JFL","2018-01-03","186","189","180","180","-3.23","1670"
"JFL","2018-01-02","219","225","219","220","-0.90","2057"
"JFL","2018-01-01","218","222","218","222","2.30","4446"
"JFL","2017-12-31","216","221","216","217","0.00","1450"
"JFL","2017-12-28","218","222","217","217","1.40","2910"
"JFL","2017-12-27","220","228","214","214","-2.73","6119"
"JFL","2017-12-26","222","223","220","220","-2.65","2434"
"JFL","2017-12-21","225","226","225","226","-0.88","1100"
"JFL","2017-12-20","225","228","224","228","0.00","300"
"JFL","2017-12-19","232","232","224","228","0.00","580"
"JFL","2017-12-18","233","233","228","228","-3.39","420"
"JFL","2017-12-17","240","240","236","236","-3.28","42"
"JFL","2017-12-12","244","244","244","244","1.67","50"
"JFL","2017-12-10","240","240","240","240","0.00","200"
"JFL","2017-12-06","240","240","240","240","1.69","1010"
"JFL","2017-12-05","240","240","236","236","0.00","142"
"JFL","2017-12-04","232","239","232","236","0.42","2529"
"JFL","2017-11-30","243","243","235","235","-4.86","1405"
"JFL","2017-11-29","243","247","243","247","3.35","580"
"JFL","2017-11-28","239","239","235","239","1.70","393"
"JFL","2017-11-27","235","239","235","235","1.73","1676"
"JFL","2017-11-26","238","235","231","231","-2.94","650"
"JFL","2017-11-22","238","238","238","238","-1.65","50"
"JFL","2017-11-20","241","242","237","242","-1.22","2069"
"JFL","2017-11-19","245","249","245","245","0.00","73"
"JFL","2017-11-16","242","255","242","245","2.94","170"
"JFL","2017-11-15","235","240","235","238","0.85","600"
"JFL","2017-11-14","230","236","230","236","4.42","2060"
"JFL","2017-11-12","226","226","222","226","0.00","702"
"JFL","2017-11-09","226","230","222","226","-1.74","781"
"JFL","2017-11-08","230","230","226","230","-0.43","917"
"JFL","2017-11-07","230","234","230","231","-1.28","612"
"JFL","2017-11-06","242","246","234","234","-3.31","2909"
"JFL","2017-11-05","246","246","242","242","-3.59","225"
"JFL","2017-11-02","260","260","244","251","-1.57","2783"
"JFL","2017-11-01","261","261","246","255","-4.14","4445"
"JFL","2017-10-30","260","266","256","266","0.38","570"
"JFL","2017-10-29","265","265","262","265","-1.85","1943"
"JFL","2017-10-24","278","273","268","270","-2.88","106"
"JFL","2017-10-23","274","278","270","278","1.46","94"
"JFL","2017-10-18","270","275","270","274","1.11","1891"
"JFL","2017-10-17","276","276","271","275","-1.45","200"
"JFL","2017-10-16","270","275","266","275","1.85","5028"
"JFL","2017-10-15","274","274","270","270","-1.82","606"
"JFL","2017-10-12","273","278","273","275","-1.08","1296"
"JFL","2017-10-11","271","279","271","278","1.09","299"
"JFL","2017-10-10","270","275","265","275","3.77","1103"
"JFL","2017-10-09","265","265","265","265","0.00","350"
"JFL","2017-10-08","265","270","265","265","-1.85","631"
"JFL","2017-10-04","271","271","270","270","-1.82","1000"
"JFL","2017-10-03","0","275","275","275","1.48","1000"
"JFL","2017-09-26","274","274","266","271","0.74","1110"
"JFL","2017-09-25","271","271","269","271","-1.82","1450"
"JFL","2017-09-24","266","274","266","274","4.98","613"
"JFL","2017-09-20","261","265","261","261","-1.51","919"
"JFL","2017-09-18","269","269","264","265","-1.85","1534"
"JFL","2017-09-17","270","270","270","270","0.75","10"
"JFL","2017-09-14","268","268","268","268","0.00","400"
"JFL","2017-09-13","258","268","258","266","1.90","338"
"JFL","2017-09-12","267","267","263","263","-3.31","150"
"JFL","2017-09-11","260","272","260","272","3.42","2528"
"JFL","2017-09-10","266","266","263","263","-1.87","400"
"JFL","2017-09-07","262","268","262","268","3.47","410"
"JFL","2017-09-06","265","265","258","259","-1.52","1596"
"JFL","2017-09-04","272","272","263","263","-1.50","685"
"JFL","2017-08-31","267","267","262","267","0.00","4310"
"JFL","2017-08-30","278","278","267","267","-3.96","691"
"JFL","2017-08-28","280","284","278","278","-0.71","4179"
"JFL","2017-08-27","272","280","270","280","2.94","1995"
"JFL","2017-08-24","276","272","272","272","-1.45","10"
"JFL","2017-08-23","277","280","276","278","-1.43","779"
"JFL","2017-08-22","280","280","280","280","1.82","20"
"JFL","2017-08-21","280","280","275","275","-2.83","1233"
"JFL","2017-08-20","283","283","283","283","0.71","200"
"JFL","2017-08-17","281","281","281","281","1.08","50"
"JFL","2017-08-16","278","278","278","278","-0.71","10"
"JFL","2017-08-15","280","280","275","280","-0.71","1153"
"JFL","2017-08-13","285","285","282","282","-2.76","426"
"JFL","2017-08-10","285","290","285","290","1.75","410"
"JFL","2017-08-09","285","285","285","285","-1.04","20"
"JFL","2017-08-07","285","293","285","288","-0.69","697"
"JFL","2017-08-06","295","302","290","290","-1.02","1819"
"JFL","2017-08-03","307","304","293","293","-4.56","3383"
"JFL","2017-08-02","300","322","289","307","2.68","9754"
"JFL","2017-08-01","277","299","277","299","9.93","15629"
"JFL","2017-07-30","272","272","272","272","0.00","10"
"JFL","2017-07-25","272","272","272","272","1.87","20"
"JFL","2017-07-24","266","267","262","267","0.00","1700"
"JFL","2017-07-23","279","279","267","267","-3.61","2728"
"JFL","2017-07-20","280","280","277","277","-0.72","242"
"JFL","2017-07-19","284","284","279","279","-3.46","1108"
"JFL","2017-07-18","276","294","276","289","6.64","3412"
"JFL","2017-07-17","269","271","269","271","-0.37","1775"
"JFL","2017-07-16","273","275","270","272","1.12","2540"
"JFL","2017-07-13","261","270","261","269","1.13","1688"
"JFL","2017-07-12","266","266","266","266","1.92","500"
"JFL","2017-07-11","251","261","251","261","3.98","206"
"JFL","2017-07-10","252","255","250","251","-1.95","878"
"JFL","2017-07-09","252","262","253","256","1.59","2324"
"JFL","2017-07-06","242","252","242","252","3.28","508"
"JFL","2017-07-04","242","246","242","244","-0.41","180"
"JFL","2017-07-03","245","248","241","244","-1.61","3960"
"JFL","2017-07-02","251","254","249","249","-1.58","1994"
"JFL","2017-06-28","254","254","253","254","-1.94","800"
"JFL","2017-06-27","261","261","258","258","0.78","99"
"JFL","2017-06-25","260","260","251","256","-3.40","1496"
"JFL","2017-06-22","265","265","265","265","1.14","200"
"JFL","2017-06-18","257","262","262","262","1.95","20"
"JFL","2017-06-12","257","257","257","257","-1.91","145"
"JFL","2017-06-11","262","262","262","262","-1.50","100"
"JFL","2017-06-07","265","266","260","266","0.38","1140"
"JFL","2017-06-06","261","265","261","265","0.00","813"
"JFL","2017-06-05","260","265","260","265","1.14","167"
"JFL","2017-06-04","263","263","262","262","-0.76","250"
"JFL","2017-06-01","260","264","257","264","2.72","1970"
"JFL","2017-05-31","260","257","252","257","-1.15","800"
"JFL","2017-05-30","264","264","256","260","-1.89","1397"
"JFL","2017-05-28","275","275","265","267","-1.85","1140"
"JFL","2017-05-24","265","270","261","270","1.89","1077"
"JFL","2017-05-23","262","265","262","265","0.76","762"
"JFL","2017-05-22","263","263","263","263","-1.87","100"
"JFL","2017-05-21","271","271","261","268","-2.90","5900"
"JFL","2017-05-18","276","276","271","276","0.00","2010"
"JFL","2017-05-17","280","280","276","276","-3.16","1100"
"JFL","2017-05-16","285","285","285","285","-1.72","200"
"JFL","2017-05-15","290","290","290","290","-1.69","50"
"JFL","2017-05-11","286","300","285","295","4.98","2605"
"JFL","2017-05-09","269","281","274","281","4.46","756"
"JFL","2017-05-08","268","269","264","269","-1.47","230"
"JFL","2017-05-07","276","276","273","273","-2.15","1240"
"JFL","2017-05-04","280","285","276","279","1.45","4388"
"JFL","2017-05-03","275","275","275","275","0.00","453"
"JFL","2017-05-02","270","275","265","275","0.00","665"
"JFL","2017-04-30","275","275","275","275","-1.79","200"
"JFL","2017-04-27","275","280","275","280","1.82","982"
"JFL","2017-04-25","280","280","275","275","0.00","510"
"JFL","2017-04-24","280","284","275","275","-1.43","1710"
"JFL","2017-04-23","279","279","279","279","1.82","500"
"JFL","2017-04-20","280","282","274","274","-0.36","791"
"JFL","2017-04-19","260","275","265","275","5.77","180"
"JFL","2017-04-18","260","260","255","260","-0.76","2714"
"JFL","2017-04-16","277","277","262","262","-5.42","670"
"JFL","2017-04-13","287","287","277","277","-5.14","330"
"JFL","2017-04-12","275","297","270","292","8.15","5020"
"JFL","2017-04-11","252","270","252","270","6.72","2056"
"JFL","2017-04-10","251","256","251","253","-1.17","1079"
"JFL","2017-04-09","257","261","256","256","-1.54","1458"
"JFL","2017-04-06","270","270","255","260","-3.70","2111"
"JFL","2017-04-04","275","275","270","270","0.00","1250"
"JFL","2017-04-03","265","275","265","270","0.00","2182"
"JFL","2017-04-02","265","270","264","270","3.85","1143"
"JFL","2017-03-30","265","260","260","260","-1.89","100"
"JFL","2017-03-29","269","274","265","265","-1.49","1900"
"JFL","2017-03-28","253","269","255","269","6.32","3100"
"JFL","2017-03-26","249","254","245","253","3.27","4350"
"JFL","2017-03-23","250","250","245","245","-3.92","210"
"JFL","2017-03-22","242","255","238","255","3.66","1975"
"JFL","2017-03-21","238","246","238","246","3.36","818"
"JFL","2017-03-20","221","238","221","238","9.68","742"
"JFL","2017-03-19","215","217","217","217","0.93","1000"
"JFL","2017-03-13","215","215","215","215","0.94","50"
"JFL","2017-03-07","215","215","213","213","-1.84","829"
"JFL","2017-03-06","210","217","210","217","5.34","300"
"JFL","2017-03-02","206","206","206","206","-1.90","400"
"JFL","2017-03-01","210","214","210","210","1.45","211"
"JFL","2017-02-28","207","207","207","207","-1.90","187"
"JFL","2017-02-26","211","211","211","211","-1.86","200"
"JFL","2017-02-23","215","215","215","215","0.00","100"
"JFL","2017-02-21","217","217","215","215","0.94","132"
"JFL","2017-02-20","213","225","213","213","1.91","405"
"JFL","2017-02-19","210","210","209","209","-1.88","180"
"JFL","2017-02-16","214","217","213","214","1.43","970"
"JFL","2017-02-15","206","214","205","210","3.96","710"
"JFL","2017-02-14","204","204","200","202","1.00","840"
"JFL","2017-02-13","205","205","200","201","-3.85","520"
"JFL","2017-02-12","220","220","208","209","-7.14","960"
"JFL","2017-02-08","225","225","224","224","0.90","30"
"JFL","2017-02-07","222","222","222","222","1.83","100"
"JFL","2017-02-06","220","220","218","218","-1.80","106"
"JFL","2017-02-05","225","225","222","222","-3.06","662"
"JFL","2017-02-02","215","229","215","229","8.02","990"
"JFL","2017-02-01","212","212","212","212","0.95","50"
"JFL","2017-01-31","209","210","209","210","2.44","145"
"JFL","2017-01-30","229","229","205","205","-8.89","1586"
"JFL","2017-01-26","233","233","225","225","-5.06","200"
"JFL","2017-01-25","237","237","237","237","-1.66","200"
"JFL","2017-01-24","245","245","241","241","-3.21","760"
"JFL","2017-01-19","246","249","246","249","1.22","400"
"JFL","2017-01-18","246","246","246","246","1.65","100"
"JFL","2017-01-17","240","242","240","242","1.26","640"
"JFL","2017-01-16","242","242","239","239","0.42","160"
"JFL","2017-01-15","245","245","238","238","-2.86","850"
"JFL","2017-01-12","250","250","245","245","-0.41","900"
"JFL","2017-01-11","242","250","242","246","3.36","1290"
"JFL","2017-01-10","226","238","226","238","4.85","374"
"JFL","2017-01-09","223","233","223","227","0.44","1060"
"JFL","2017-01-08","231","231","226","226","-3.00","200"
"JFL","2017-01-05","241","241","233","235","-4.90","1350"
"JFL","2017-01-04","249","249","245","245","-3.54","310"
"JFL","2017-01-02","250","252","245","252","0.80","832"
"JFL","2017-01-01","250","250","250","250","-0.40","550"
"JFL","2016-12-20","280","280","274","276","-2.82","1620"
"JFL","2016-12-19","287","287","284","284","-2.74","503"
"JFL","2016-12-18","298","298","292","294","-3.95","3562"
"JFL","2016-12-15","299","304","299","304","3.40","300"
"JFL","2016-12-14","290","300","290","294","0.00","930"
"JFL","2016-12-12","294","299","289","294","-1.67","3276"
"JFL","2016-12-11","306","306","296","299","-2.29","1650"
"JFL","2016-12-08","306","306","306","306","2.00","400"
"JFL","2016-12-07","303","308","300","300","-0.66","1250"
"JFL","2016-12-06","310","310","302","302","-1.95","1000"
"JFL","2016-12-05","325","325","308","308","-4.94","2504"
"JFL","2016-12-04","324","324","324","324","-1.82","812"
"JFL","2016-12-01","329","335","329","330","-1.49","709"
"JFL","2016-11-30","325","337","324","335","4.69","3856"
"JFL","2016-11-29","321","321","320","320","1.59","475"
"JFL","2016-11-28","298","315","298","315","3.62","962"
"JFL","2016-11-27","319","319","304","304","-2.88","1800"
"JFL","2016-11-24","313","313","313","313","-1.88","10"
"JFL","2016-11-22","313","319","313","319","1.92","1007"
"JFL","2016-11-21","319","330","313","315","-3.69","1288"
"JFL","2016-11-20","345","345","325","325","-5.80","805"
"JFL","2016-11-17","345","345","345","345","-1.99","110"
"JFL","2016-11-16","350","352","350","352","1.44","1300"
"JFL","2016-11-15","350","351","347","348","-1.70","3125"
"JFL","2016-11-14","355","355","351","353","-1.12","400"
"JFL","2016-11-10","356","360","356","357","-1.65","410"
"JFL","2016-11-09","363","365","363","364","-1.89","950"
"JFL","2016-11-08","380","380","370","370","-1.86","200"
"JFL","2016-11-07","384","384","377","377","-1.82","320"
"JFL","2016-10-27","385","385","384","384","0.52","280"
"JFL","2016-10-25","392","395","382","388","-0.78","1793"
"JFL","2016-10-24","385","385","385","385","1.85","10"
"JFL","2016-10-23","371","378","371","378","0.80","161"
"JFL","2016-10-20","381","381","375","375","-1.06","863"
"JFL","2016-10-19","383","383","377","379","-2.82","827"
"JFL","2016-10-17","390","390","390","390","0.00","150"
"JFL","2016-10-16","390","390","390","390","0.51","268"
"JFL","2016-10-06","390","390","388","388","-1.77","700"
"JFL","2016-10-05","395","395","385","395","1.80","170"
"JFL","2016-10-04","381","388","381","388","0.00","210"
"JFL","2016-10-03","388","388","388","388","-0.51","100"
"JFL","2016-10-02","399","399","390","390","-0.51","922"
"JFL","2016-09-29","392","392","392","392","-2.00","11"
"JFL","2016-09-27","395","400","395","400","1.78","173"
"JFL","2016-09-26","390","393","390","393","1.55","1700"
"JFL","2016-09-25","400","402","386","386","-1.78","2365"
"JFL","2016-09-22","400","402","386","386","-1.78","2365"
"JFL","2016-09-21","393","393","393","393","-1.99","10"
"JFL","2016-09-18","387","401","387","401","5.53","1430"
"JFL","2016-09-14","391","391","380","380","-3.06","861"
"JFL","2016-09-12","395","395","392","392","-1.01","1832"
"JFL","2016-09-11","396","398","389","398","0.51","1800"
"JFL","2016-09-08","394","410","394","394","-1.99","1376"
"JFL","2016-09-05","400","414","400","402","1.00","5079"
"JFL","2016-09-04","397","405","397","398","-1.73","1111"
"JFL","2016-09-01","413","413","405","405","0.00","210"
"JFL","2016-08-30","390","405","390","404","3.85","2856"
"JFL","2016-08-29","370","390","369","390","3.72","270"
"JFL","2016-08-28","376","383","376","376","0.00","545"
"JFL","2016-08-24","376","376","376","376","-1.57","150"
"JFL","2016-08-22","385","385","382","382","-2.55","210"
"JFL","2016-08-21","392","392","392","392","-2.00","200"
"JFL","2016-08-17","392","406","392","400","0.25","725"
"JFL","2016-08-16","389","403","389","399","4.45","2405"
"JFL","2016-08-15","383","383","377","382","-2.05","669"
"JFL","2016-08-14","394","394","388","390","-2.50","804"
"JFL","2016-08-11","418","418","400","405","-2.44","896"
"JFL","2016-08-10","410","421","405","410","0.24","6662"
"JFL","2016-08-09","401","409","401","409","3.81","400"
"JFL","2016-08-08","402","410","394","394","-1.99","1200"
"JFL","2016-08-07","420","436","402","402","-4.29","4864"
"JFL","2016-08-04","440","433","417","420","-4.55","5347"
"JFL","2016-08-03","437","440","432","440","0.69","1875"
"JFL","2016-08-02","450","445","437","437","-2.89","3261"
"JFL","2016-08-01","472","465","450","450","-4.66","4352"
"JFL","2016-07-31","450","495","450","472","4.89","15137"
"JFL","2016-07-28","442","455","435","450","1.81","4192"
"JFL","2016-07-27","440","456","435","442","0.45","7046"
"JFL","2016-07-26","410","447","418","440","7.32","9389"
"JFL","2016-07-25","387","418","390","410","5.94","11769"
"JFL","2016-07-21","385","387","373","387","0.52","3851"
"JFL","2016-07-20","392","392","385","385","-3.75","1317"
"JFL","2016-07-19","380","400","380","400","5.54","2714"
"JFL","2016-07-18","374","382","378","379","1.34","3541"
"JFL","2016-07-17","384","382","374","374","-2.60","1831"
"JFL","2016-07-14","373","385","373","384","4.92","2477"
"JFL","2016-07-13","375","373","366","366","-2.40","1850"
"JFL","2016-07-12","385","378","371","375","-2.60","1515"
"JFL","2016-07-11","395","411","385","385","-2.53","4777"
"JFL","2016-07-10","362","398","355","395","9.12","17738"
"JFL","2016-07-06","351","366","350","362","4.93","3406"
"JFL","2016-07-05","342","347","340","345","1.47","2710"
"JFL","2016-07-04","337","344","338","340","0.89","1989"
"JFL","2016-07-03","341","341","333","337","-1.17","5800"
"JFL","2016-06-30","340","352","340","341","0.29","2353"
"JFL","2016-06-29","344","350","339","340","-1.16","6299"
"JFL","2016-06-28","335","349","339","344","2.69","2660"
"JFL","2016-06-27","340","336","334","335","-1.47","2000"
"JFL","2016-06-26","342","340","335","340","-0.58","2238"
"JFL","2016-06-23","337","348","340","342","1.48","617"
"JFL","2016-06-22","329","337","329","337","0.90","763"
"JFL","2016-06-21","353","346","334","334","-5.38","1351"
"JFL","2016-06-19","340","357","335","353","3.82","2828"
"JFL","2016-06-16","344","345","340","340","-1.16","2555"
"JFL","2016-06-15","330","344","330","344","2.99","4199"
"JFL","2016-06-14","341","345","334","334","-0.30","4803"
"JFL","2016-06-13","335","341","333","335","0.00","10804"
"JFL","2016-06-12","330","335","323","335","1.52","2294"
"JFL","2016-06-09","330","330","330","330","-1.79","100"
"JFL","2016-06-08","340","349","330","336","-1.18","2752"
"JFL","2016-06-07","335","345","332","340","3.34","4878"
"JFL","2016-06-06","324","330","319","329","1.54","6196"
"JFL","2016-06-05","324","330","324","324","0.00","1799"
"JFL","2016-06-02","325","331","320","324","-0.31","6504"
"JFL","2016-06-01","326","326","317","325","-0.31","3684"
"JFL","2016-05-31","324","326","322","326","0.62","2724"
"JFL","2016-05-30","330","325","315","324","-1.82","3317"
"JFL","2016-05-23","330","330","330","330","0.00","300"
"JFL","2016-05-19","330","342","330","330","0.00","660"
"JFL","2016-05-18","324","330","330","330","1.85","100"
"JFL","2016-05-17","306","324","306","324","3.85","830"
"JFL","2016-05-16","320","314","311","312","-2.50","899"
"JFL","2016-05-15","320","323","319","320","0.00","2802"
"JFL","2016-05-12","325","325","325","325","1.88","510"
"JFL","2016-05-11","325","331","319","319","-1.85","5260"
"JFL","2016-05-10","320","325","320","325","-0.31","2204"
"JFL","2016-05-09","321","326","320","325","1.87","2630"
"JFL","2016-05-08","321","320","320","320","-0.31","1000"
"JFL","2016-05-05","326","330","321","321","-1.53","1913"
"JFL","2016-05-04","320","326","314","326","1.88","495"
"JFL","2016-05-02","325","326","320","320","-1.54","2305"
"JFL","2016-04-28","331","325","325","325","-1.81","100"
"JFL","2016-04-27","314","331","316","331","5.41","5474"
"JFL","2016-04-26","326","320","314","314","-3.68","852"
"JFL","2016-04-25","315","326","308","326","3.49","830"
"JFL","2016-04-24","330","324","315","315","-4.55","2951"
"JFL","2016-04-21","324","330","330","330","1.85","570"
"JFL","2016-04-20","330","332","324","324","-1.82","840"
"JFL","2016-04-19","326","330","310","330","1.23","1390"
"JFL","2016-04-18","332","326","326","326","-1.81","85"
"JFL","2016-04-17","330","333","329","332","0.00","1818"
"JFL","2016-04-14","321","338","327","332","3.43","300"
"JFL","2016-04-11","324","325","321","321","-0.93","437"
"JFL","2016-04-10","330","326","324","324","-1.82","513"
"JFL","2016-04-06","327","330","327","330","0.92","880"
"JFL","2016-04-05","332","349","326","327","0.31","6853"
"JFL","2016-04-04","297","326","293","326","9.76","323"
"JFL","2016-04-03","315","309","297","297","-5.71","90"
"JFL","2016-03-31","320","320","315","315","-1.56","2550"
"JFL","2016-03-30","320","326","320","320","0.00","820"
"JFL","2016-03-29","318","322","316","320","0.00","2390"
"JFL","2016-03-28","331","337","318","320","-3.32","7310"
"JFL","2016-03-27","338","332","331","331","-2.07","210"
"JFL","2016-03-24","331","349","332","338","2.11","1678"
"JFL","2016-03-23","332","335","330","331","0.30","4286"
"JFL","2016-03-21","337","349","330","330","-0.30","1448"
"JFL","2016-03-20","338","344","329","333","-3.78","9963"
"JFL","2016-03-17","344","350","344","344","1.78","170"
"JFL","2016-03-16","338","344","338","338","-1.74","2330"
"JFL","2016-03-15","344","344","344","344","-1.99","10"
"JFL","2016-03-13","351","351","351","351","1.74","20"
"JFL","2016-03-10","345","345","345","345","-0.29","500"
"JFL","2016-03-06","341","355","340","346","3.28","12225"
"JFL","2016-03-03","351","351","335","335","-2.90","4250"
"JFL","2016-03-02","335","353","335","345","4.86","3507"
"JFL","2016-03-01","358","358","329","329","-9.86","2426"
"JFL","2016-02-29","346","365","334","365","5.49","1551"
"JFL","2016-02-28","376","390","346","346","-7.98","2184"
"JFL","2016-01-10","370","376","362","376","1.62","9668"
"JFL","2016-01-06","371","371","370","370","-2.12","6328"
"JFL","2016-01-05","398","398","378","378","-6.90","3330"
"JFL","2016-01-03","400","406","392","406","3.31","57"